"Liga","Fecha","Equipo_Local","Equipo_Visitante","Goles_Local","Goles_Visitante","Resultado_Final","Bet365_Local","Bet365_Empate","Bet365_Visitante","Bwin_Local","Bwin_Empate","Bwin_Visitante","Interwetten_Local","Interwetten_Empate","Interwetten_Visitante","Pinnacle_Local","Pinnacle_Empate","Pinnacle_Visitante","WilliamHill_Local","WilliamHill_Empate","WilliamHill_Visitante","BetVictor_Local","BetVictor_Empate","BetVictor_Visitante","Promedio_Apertura_Local","Promedio_Apertura_Empate","Promedio_Apertura_Visitante","Pinnacle_Cierre_Local","Pinnacle_Cierre_Empate","Pinnacle_Cierre_Visitante"
"SP1","18/08/17","Leganes","Alaves",1,0,"H",2.05,3.2,4.1,2.05,3.1,4.1,2.1,3.4,3.5,2.03,3.25,4.52,2.05,3.1,4,2.05,3.2,4.4,2.055,3.2083,4.1033,1.98,3.35,4.63
"SP1","18/08/17","Valencia","Las Palmas",1,0,"H",1.75,3.8,4.5,1.75,3.9,4.6,1.75,3.6,4.8,1.78,4.01,4.83,1.8,3.75,4.2,1.8,4,4.6,1.7717,3.8433,4.5883,1.78,4.24,4.43
"SP1","19/08/17","Celta","Sociedad",2,3,"A",2.38,3.25,3.2,2.4,3.3,3,2.5,3.3,2.85,2.44,3.4,3.16,2.4,3.4,2.9,2.4,3.4,3.13,2.42,3.3417,3.04,2.12,3.53,3.74
"SP1","19/08/17","Girona","Ath Madrid",2,2,"D",8,4.33,1.45,7.5,4.33,1.45,7.2,4.4,1.45,8.36,4.38,1.49,8,4.2,1.44,7.5,4.3,1.5,7.76,4.3233,1.4633,6.93,3.83,1.63
"SP1","19/08/17","Sevilla","Espanol",1,1,"D",1.62,4,5.5,1.62,3.9,5.75,1.55,4,6.2,1.62,4.17,6.18,1.67,3.6,5.5,1.65,4,5.75,1.6217,3.945,5.8133,1.64,4.18,5.82
"SP1","20/08/17","Ath Bilbao","Getafe",0,0,"D",1.5,4,7.5,1.48,4.25,7,1.5,4.2,6.5,1.53,4.37,7.31,1.5,4,7,1.5,4.2,7,1.5017,4.17,7.0517,1.53,4.48,6.91
"SP1","20/08/17","Barcelona","Betis",2,0,"H",1.17,8,15,1.18,7.5,14.5,1.17,7.5,15,1.22,7.35,15.5,1.22,6,13,1.2,7,13,1.1933,7.225,14.3333,1.2,8.25,15.2
"SP1","20/08/17","La Coruna","Real Madrid",0,3,"A",9.5,5.75,1.3,9.25,5.75,1.3,7.5,5.5,1.35,10.26,5.79,1.33,11,4.5,1.33,9.5,5.75,1.3,9.5017,5.5067,1.3183,12.4,7,1.26
"SP1","21/08/17","Levante","Villarreal",1,0,"H",3.25,3.25,2.3,3.25,3.2,2.3,3.3,3.35,2.2,3.36,3.24,2.36,3.1,3.1,2.4,3.25,3.25,2.3,3.2517,3.2317,2.31,3.31,3.32,2.4
"SP1","21/08/17","Malaga","Eibar",0,1,"A",2.1,3.3,3.7,2.15,3.3,3.5,2.1,3.4,3.5,2.24,3.36,3.49,2.2,3.3,3.3,2.15,3.3,3.5,2.1567,3.3267,3.4983,2.2,3.27,3.85
"SP1","25/08/17","Betis","Celta",2,1,"H",2.2,3.4,3.4,2.25,3.3,3.3,2.4,3.3,2.95,2.28,3.56,3.32,2.2,3.25,3.3,2.3,3.5,3.25,2.2717,3.385,3.2533,2.32,3.44,3.35
"SP1","25/08/17","Sociedad","Villarreal",3,0,"H",2.05,3.4,3.75,2.1,3.3,3.7,2.2,3.35,3.3,2.11,3.46,3.87,2.1,3.3,3.6,2.15,3.4,3.75,2.1183,3.3683,3.6617,2.04,3.59,3.98
"SP1","26/08/17","Alaves","Barcelona",0,2,"A",10,5.75,1.29,10,5.5,1.3,8,5.5,1.33,10.55,5.8,1.33,11,5,1.3,11.5,5.75,1.3,10.175,5.55,1.3083,10.13,5.83,1.33
"SP1","26/08/17","Girona","Malaga",1,0,"H",2.15,3.25,3.6,2.15,3.2,3.7,2.2,3.35,3.3,2.19,3.37,3.75,2.2,3.3,3.3,2.15,3.3,3.75,2.1733,3.295,3.5667,2.01,3.42,4.33
"SP1","26/08/17","Las Palmas","Ath Madrid",1,5,"A",4.75,3.75,1.75,4.75,3.7,1.75,4.8,3.6,1.75,5.14,3.73,1.79,4.5,3.6,1.8,4.8,3.75,1.8,4.79,3.6883,1.7733,5.31,3.75,1.77
"SP1","26/08/17","Levante","La Coruna",2,2,"D",2.2,3.1,3.6,2.2,3.25,3.5,2.2,3.35,3.3,2.23,3.31,3.71,2.25,3.2,3.3,2.2,3.25,3.7,2.2133,3.2433,3.5183,2.19,3.4,3.71
"SP1","27/08/17","Eibar","Ath Bilbao",0,1,"A",2.5,3.1,3.1,2.5,3.2,2.95,2.7,3.3,2.6,2.57,3.26,3.08,2.62,3.1,2.8,2.55,3.2,2.9,2.5733,3.1933,2.905,2.52,3.21,3.2
"SP1","27/08/17","Espanol","Leganes",0,1,"A",1.95,3.25,4.33,1.91,3.25,4.6,2,3.4,3.8,2,3.37,4.49,1.95,3.1,4.5,1.93,3.3,4.4,1.9567,3.2783,4.3533,2.05,3.24,4.47
"SP1","27/08/17","Getafe","Sevilla",0,1,"A",3.6,3.3,2.15,3.6,3.4,2.1,3.3,3.35,2.2,3.61,3.58,2.16,3.4,3.4,2.1,3.4,3.5,2.15,3.485,3.4217,2.1433,3.58,3.5,2.2
"SP1","27/08/17","Real Madrid","Valencia",2,2,"D",1.17,8,15,1.15,8.25,16,1.17,7.5,15,1.16,10,17,1.17,8,13,1.18,8,13,1.1667,8.2917,14.8333,1.15,10.55,17.7
"SP1","08/09/17","Leganes","Getafe",1,2,"A",2.05,3.25,4,2.05,3.2,4,2,3.4,3.8,2.11,3.28,4.15,2.1,3.1,3.8,2.05,3.3,4,2.06,3.255,3.9583,2.13,3.22,4.17
"SP1","09/09/17","Barcelona","Espanol",5,0,"H",1.17,8,17,1.17,7.25,18,1.17,7.5,15,1.18,8.79,17.82,1.17,7.5,15,1.17,8,19,1.1717,7.84,16.97,1.13,10.4,23.13
"SP1","09/09/17","Real Madrid","Levante",1,1,"D",1.05,15,34,1.07,12,31,1.1,9,27,1.08,15,36.5,1.06,13,23,1.06,15,36,1.07,13.1667,31.25,1.11,12.6,23.75
"SP1","09/09/17","Sevilla","Eibar",3,0,"H",1.57,4,6,1.57,4,6,1.6,3.9,5.7,1.61,4.27,6.08,1.6,4,5.5,1.6,4.2,5.75,1.5917,4.0617,5.8383,1.57,4.46,6.28
"SP1","09/09/17","Valencia","Ath Madrid",0,0,"D",3.6,3.2,2.2,3.4,3.4,2.15,3.3,3.35,2.2,3.56,3.38,2.26,3.5,3.25,2.15,3.5,3.5,2.2,3.4767,3.3467,2.1933,3.21,3.23,2.5
"SP1","10/09/17","Ath Bilbao","Girona",2,0,"H",1.67,3.75,5.5,1.67,3.8,5.25,1.75,3.6,4.8,1.68,3.99,5.63,1.67,3.8,5,1.7,3.9,5.4,1.69,3.8067,5.2633,1.61,4.04,6.67
"SP1","10/09/17","Celta","Alaves",1,0,"H",1.67,3.75,5.25,1.75,3.6,5,1.8,3.6,4.5,1.74,3.84,5.4,1.75,3.5,5,1.73,3.75,4.8,1.74,3.6733,4.9917,1.68,3.91,5.87
"SP1","10/09/17","La Coruna","Sociedad",2,4,"A",2.75,3.3,2.6,2.75,3.3,2.6,2.7,3.3,2.6,2.85,3.46,2.63,2.8,3.3,2.5,2.8,3.4,2.63,2.775,3.3433,2.5933,3.12,3.55,2.39
"SP1","10/09/17","Villarreal","Betis",3,1,"H",1.85,3.6,4.33,1.87,3.5,4.4,1.8,3.6,4.5,1.9,3.62,4.62,1.91,3.4,4.2,1.85,3.6,4.3,1.8633,3.5533,4.3917,1.97,3.62,4.25
"SP1","11/09/17","Malaga","Las Palmas",1,3,"A",2,3.5,3.8,2,3.5,3.8,1.9,3.5,4.1,2.06,3.67,3.83,2,3.5,3.6,2,3.6,3.6,1.9933,3.545,3.7883,2.03,3.59,4.02
"SP1","15/09/17","Eibar","Leganes",1,0,"H",2.05,3.25,4,2.05,3.2,4,2.1,3.4,3.5,2.13,3.3,4.04,2.1,3.1,3.8,2.15,3.25,3.9,2.0967,3.25,3.8733,2.07,3.41,4.1
"SP1","16/09/17","Ath Madrid","Malaga",1,0,"H",1.22,6,15,1.22,6.25,14,1.3,5.8,9,1.24,6.4,16,1.22,6,13,1.22,6.5,17,1.2367,6.1583,14,1.22,6.95,17.53
"SP1","16/09/17","Betis","La Coruna",2,1,"H",1.83,3.6,4.5,1.85,3.6,4.4,1.85,3.5,4.3,1.88,3.72,4.55,1.85,3.4,4.33,1.87,3.75,4.4,1.855,3.595,4.4133,1.82,3.88,4.73
"SP1","16/09/17","Getafe","Barcelona",1,2,"A",11,6.5,1.25,12.5,6.5,1.22,9,5.8,1.3,13.5,6.85,1.25,12,6.5,1.22,12,6.5,1.25,11.6667,6.4417,1.2483,11.67,6.78,1.27
"SP1","16/09/17","Levante","Valencia",1,1,"D",3.25,3.25,2.3,3.1,3.25,2.4,3.15,3.3,2.3,3.15,3.35,2.47,3.1,3.1,2.4,3.2,3.3,2.4,3.1583,3.2583,2.3783,3.27,3.41,2.38
"SP1","17/09/17","Alaves","Villarreal",0,3,"A",3.1,3.1,2.4,3.1,3.2,2.4,2.65,3.3,2.65,3.31,3.27,2.42,3.1,3.1,2.4,3.25,3.25,2.4,3.085,3.2033,2.445,3.12,3.28,2.53
"SP1","17/09/17","Girona","Sevilla",0,1,"A",3.3,3.25,2.3,3.2,3.4,2.25,3.25,3.4,2.2,3.28,3.52,2.32,3.2,3.2,2.3,3.13,3.5,2.38,3.2267,3.3783,2.2917,3.05,3.48,2.47
"SP1","17/09/17","Las Palmas","Ath Bilbao",1,0,"H",2.75,3.4,2.55,2.75,3.3,2.6,2.95,3.3,2.4,2.87,3.48,2.6,2.8,3.1,2.62,2.7,3.4,2.55,2.8033,3.33,2.5533,2.66,3.42,2.83
"SP1","17/09/17","Sociedad","Real Madrid",1,3,"A",5,4,1.67,4.75,4.2,1.67,5,4,1.65,4.99,4.36,1.69,4.8,4,1.67,4.6,4.33,1.67,4.8567,4.1483,1.67,5.06,4.79,1.63
"SP1","18/09/17","Espanol","Celta",2,1,"H",2.3,3.3,3.2,2.3,3.2,3.3,2.3,3.3,3.15,2.4,3.39,3.24,2.3,3.2,3.2,2.3,3.4,3.13,2.3167,3.2983,3.2033,2.62,3.38,2.92
"SP1","19/09/17","Barcelona","Eibar",6,1,"H",1.11,10,15,1.12,10,17.5,1.1,9,27,1.12,11.63,22.74,1.12,8,21,1.1,11,29,1.1117,9.9383,22.04,1.14,10.39,20.98
"SP1","19/09/17","Valencia","Malaga",5,0,"H",1.5,4,7,1.53,4.2,6.5,1.6,4,5.5,1.56,4.38,6.67,1.53,4,6.5,1.53,4.3,6.5,1.5417,4.1467,6.445,1.5,4.78,6.99
"SP1","20/09/17","Ath Bilbao","Ath Madrid",1,2,"A",3.4,3.2,2.25,3.4,3.25,2.25,3.15,3.3,2.3,3.55,3.23,2.33,3.3,3.2,2.25,3.5,3.25,2.3,3.3833,3.2383,2.28,3.87,3.37,2.15
"SP1","20/09/17","La Coruna","Alaves",1,0,"H",1.91,3.3,4.5,1.91,3.4,4.33,1.9,3.5,4.1,1.92,3.53,4.64,1.91,3.3,4.2,1.9,3.5,4.6,1.9083,3.4217,4.395,1.75,3.89,5.2
"SP1","20/09/17","Leganes","Girona",0,0,"D",2.15,3.2,3.7,2.2,3.25,3.5,2.2,3.25,3.4,2.18,3.21,3.99,2.25,3.2,3.3,2.15,3.25,3.9,2.1883,3.2267,3.6317,2.06,3.3,4.32
"SP1","20/09/17","Real Madrid","Betis",0,1,"A",1.13,10,17,1.11,10.5,18,1.1,9,27,1.11,13,20,1.12,9,17,1.1,12,29,1.1117,10.5833,21.3333,1.09,14,31
"SP1","20/09/17","Sevilla","Las Palmas",1,0,"H",1.4,4.75,7.5,1.42,4.75,7.5,1.45,4.4,7.2,1.42,5.06,8.51,1.44,4.5,7,1.44,5,7.5,1.4283,4.7433,7.535,1.43,5,8.4
"SP1","21/09/17","Celta","Getafe",1,1,"D",1.8,3.6,4.5,1.78,3.75,4.5,1.75,3.6,4.8,1.76,3.85,5.03,1.75,3.75,4.5,1.75,3.8,4.6,1.765,3.725,4.655,1.9,3.56,4.69
"SP1","21/09/17","Levante","Sociedad",3,0,"H",3.25,3.25,2.3,3.1,3.25,2.4,2.95,3.3,2.4,3.11,3.54,2.4,2.9,3.3,2.4,2.9,3.5,2.38,3.035,3.3567,2.38,2.85,3.5,2.61
"SP1","21/09/17","Villarreal","Espanol",0,0,"D",1.73,3.5,5.5,1.75,3.6,5,1.7,3.7,5,1.76,3.84,5.23,1.73,3.5,5,1.73,3.75,4.8,1.7333,3.6483,5.0883,1.7,3.81,5.84
"SP1","23/09/17","Alaves","Real Madrid",1,2,"A",17,7.5,1.17,14.5,7.5,1.18,13,7,1.2,19.65,8.4,1.18,17,7,1.17,11.5,7.5,1.18,15.4417,7.4833,1.18,18.7,8.5,1.18
"SP1","23/09/17","Ath Madrid","Sevilla",2,0,"H",1.57,4,6.5,1.55,4,6.5,1.65,4,5,1.57,4.23,6.81,1.62,3.8,5.5,1.62,4.1,6,1.5967,4.0217,6.0517,1.67,3.74,6.52
"SP1","23/09/17","Girona","Barcelona",0,3,"A",12,6,1.25,12.5,6.5,1.22,15,6.5,1.2,12.7,6.65,1.26,12,5.5,1.25,12,6.5,1.25,12.7,6.275,1.2383,13.64,7.06,1.24
"SP1","23/09/17","Malaga","Ath Bilbao",3,3,"D",2.9,3.3,2.4,2.95,3.25,2.45,3.3,3.35,2.2,2.99,3.32,2.61,2.9,3.2,2.5,3,3.3,2.55,3.0067,3.2867,2.4517,3.49,3.27,2.33
"SP1","24/09/17","Eibar","Celta",0,4,"A",2.2,3.3,3.4,2.25,3.3,3.3,2.3,3.3,3.15,2.27,3.46,3.44,2.2,3.3,3.3,2.25,3.4,3.25,2.245,3.3433,3.3067,2.29,3.48,3.37
"SP1","24/09/17","Espanol","La Coruna",4,1,"H",1.95,3.5,4,1.95,3.5,3.9,2,3.4,3.8,1.95,3.61,4.34,2,3.4,3.8,2,3.5,4.1,1.975,3.485,3.99,1.94,3.65,4.33
"SP1","24/09/17","Getafe","Villarreal",4,0,"H",2.88,3.1,2.63,2.85,3.2,2.6,2.95,3.3,2.4,2.98,3.22,2.67,2.8,3.1,2.62,2.9,3.2,2.63,2.8933,3.1867,2.5917,2.55,3.2,3.18
"SP1","24/09/17","Las Palmas","Leganes",0,2,"A",2.05,3.25,3.8,2.1,3.25,3.7,2,3.4,3.8,2.11,3.35,4.03,2.1,3.2,3.75,2.1,3.3,3.75,2.0767,3.2917,3.805,2.53,3.11,3.3
"SP1","24/09/17","Sociedad","Valencia",2,3,"A",2.3,3.4,3.1,2.2,3.6,3.1,2.2,3.4,3.25,2.28,3.62,3.27,2.25,3.5,3,2.25,3.7,3,2.2467,3.5367,3.12,2.54,3.63,2.85
"SP1","25/09/17","Betis","Levante",4,0,"H",1.85,3.5,4.5,1.8,3.5,4.75,1.9,3.5,4.1,1.81,3.6,5.23,1.8,3.6,4.4,1.8,3.6,4.6,1.8267,3.55,4.5967,1.86,3.69,4.71
"SP1","29/09/17","Celta","Girona",3,3,"D",1.67,3.6,5.75,1.72,3.6,5.25,1.65,3.8,5.3,1.74,3.77,5.42,1.73,3.6,5,1.75,3.75,5.25,1.71,3.6867,5.3283,1.78,3.79,5.15
"SP1","30/09/17","La Coruna","Getafe",2,1,"H",2.25,3.25,3.4,2.15,3.3,3.3,2.3,3.3,3.15,2.26,3.47,3.45,2.25,3.3,3.2,2.3,3.4,3.3,2.2517,3.3367,3.3,2.49,3.43,3.06
"SP1","30/09/17","Leganes","Ath Madrid",0,0,"D",7.5,3.75,1.55,7.25,3.6,1.53,6.5,4.2,1.5,7.11,3.75,1.63,7,3.4,1.6,7,3.7,1.57,7.06,3.7333,1.5633,6.48,3.58,1.7
"SP1","30/09/17","Levante","Alaves",0,2,"A",1.83,3.5,4.5,1.72,3.6,4.75,1.75,3.6,4.8,1.91,3.56,4.65,1.75,3.6,4.8,1.83,3.5,4.5,1.7983,3.56,4.6667,1.89,3.48,4.89
"SP1","30/09/17","Sevilla","Malaga",2,0,"H",1.36,5.5,7.5,1.33,4.75,9.25,1.35,5.3,8,1.35,5.7,9.78,1.33,5,9,1.33,5.4,8.5,1.3417,5.275,8.6717,1.45,4.78,8.24
"SP1","01/10/17","Barcelona","Las Palmas",3,0,"H",1.08,11,26,1.06,11.5,23,1.07,12,26,1.09,14.5,29,1.07,12,23,1.06,15,29,1.0717,12.6667,26,1.09,15.25,26
"SP1","01/10/17","Real Madrid","Espanol",2,0,"H",1.1,10,23,1.09,9.75,20,1.1,9,27,1.12,12.5,19.5,1.08,11,21,1.1,11,21,1.0983,10.5417,21.9167,1.13,11.52,20.7
"SP1","01/10/17","Sociedad","Betis",4,4,"D",1.95,3.6,3.8,1.85,3.6,4,1.9,3.5,4.1,1.95,3.81,4.09,1.95,3.75,3.6,1.93,3.8,3.75,1.9217,3.6767,3.89,1.88,3.86,4.38
"SP1","01/10/17","Valencia","Ath Bilbao",3,2,"H",1.91,3.5,4.2,1.83,3.5,4.25,1.75,3.6,4.8,1.93,3.74,4.23,1.83,3.6,4.2,1.91,3.6,4,1.86,3.59,4.28,1.81,3.65,5.13
"SP1","01/10/17","Villarreal","Eibar",3,0,"H",1.83,3.6,4.33,1.72,3.6,4.75,1.8,3.6,4.5,1.85,3.71,4.75,1.85,3.5,4.33,1.83,3.6,4.4,1.8133,3.6017,4.51,1.75,3.84,5.35
"SP1","13/10/17","Espanol","Levante",0,0,"D",1.75,3.6,5,1.75,3.6,5,1.9,3.5,4.1,1.79,3.74,5.19,1.75,3.6,4.75,1.8,3.7,5,1.79,3.6233,4.84,1.71,3.85,5.69
"SP1","14/10/17","Alaves","Sociedad",0,2,"A",3.5,3.4,2.15,3.4,3.3,2.2,2.95,3.3,2.4,3.52,3.55,2.2,3.3,3.4,2.15,3.5,3.5,2.2,3.3617,3.4083,2.2167,NA,NA,NA
"SP1","14/10/17","Ath Bilbao","Sevilla",1,0,"H",2.5,3.25,2.9,2.5,3.3,2.9,2.5,3.3,2.85,2.54,3.34,3.05,2.45,3.3,2.88,2.5,3.4,3,2.4983,3.315,2.93,2.53,3.39,3.03
"SP1","14/10/17","Ath Madrid","Barcelona",1,1,"D",3,3.4,2.38,2.95,3.4,2.4,2.95,3.3,2.4,2.97,3.54,2.49,2.9,3.4,2.38,3,3.5,2.45,2.9617,3.4233,2.4167,3.19,3.39,2.43
"SP1","14/10/17","Getafe","Real Madrid",1,2,"A",10,5.75,1.29,10.5,6.25,1.26,11,6,1.25,10,6.1,1.32,10,5.5,1.29,10,6,1.3,10.25,5.9333,1.285,9.55,6.08,1.33
"SP1","15/10/17","Betis","Valencia",3,6,"A",2.55,3.5,2.7,2.6,3.4,2.7,2.65,3.3,2.65,2.67,3.62,2.71,2.5,3.5,2.62,2.55,3.6,2.63,2.5867,3.4867,2.6683,2.82,3.61,2.58
"SP1","15/10/17","Eibar","La Coruna",0,0,"D",2,3.5,3.75,2.05,3.4,3.7,2.1,3.4,3.5,2.05,3.59,3.93,2,3.4,3.8,2,3.6,3.9,2.0333,3.4817,3.7633,1.91,3.59,4.62
"SP1","15/10/17","Girona","Villarreal",1,2,"A",2.8,3.2,2.6,2.75,3.2,2.65,2.65,3.3,2.65,2.89,3.23,2.74,2.75,3.2,2.62,2.88,3.25,2.7,2.7867,3.23,2.66,2.65,3.48,2.82
"SP1","15/10/17","Malaga","Leganes",0,2,"A",2.38,3,3.4,2.25,3.25,3.4,2.4,3.3,2.95,2.39,3.18,3.49,2.3,3.2,3.2,2.38,3.13,3.3,2.35,3.1767,3.29,2.52,3.13,3.29
"SP1","16/10/17","Las Palmas","Celta",2,5,"A",2.38,3.3,3.1,2.4,3.3,3,2.5,3.3,2.85,2.44,3.47,3.11,2.4,3.5,2.8,2.4,3.4,2.9,2.42,3.3783,2.96,2.69,3.52,2.75
"SP1","21/10/17","Barcelona","Malaga",2,0,"H",1.07,13,26,1.06,13,34,1.07,12,26,1.08,17.77,26.17,1.07,11,26,1.08,13,29,1.0717,13.295,27.8617,1.07,17,35
"SP1","21/10/17","Betis","Alaves",2,0,"H",1.57,4,6,1.57,4.1,5.75,1.65,3.8,5.3,1.6,4.21,6.35,1.57,3.8,6,1.6,4.2,6,1.5933,4.0183,5.9,1.62,4.1,6.32
"SP1","21/10/17","Levante","Getafe",1,1,"D",2.37,3.2,3.2,2.4,3.25,3.1,2.4,3.3,2.95,2.45,3.19,3.35,2.4,3.1,3.1,2.45,3.2,3.2,2.4117,3.2067,3.15,2.68,3.17,3.02
"SP1","21/10/17","Valencia","Sevilla",4,0,"H",1.85,3.89,4,1.87,3.75,4,1.85,3.5,4.3,1.99,3.86,3.86,1.95,3.5,3.75,1.95,3.8,3.9,1.91,3.7167,3.9683,2.19,3.84,3.31
"SP1","22/10/17","Celta","Ath Madrid",0,1,"A",4.2,3.39,1.95,4.5,3.4,1.87,4.1,3.5,1.9,4.3,3.53,1.99,4,3.3,1.95,4.3,3.4,2,4.2333,3.42,1.9433,3.84,3.39,2.15
"SP1","22/10/17","Leganes","Ath Bilbao",1,0,"H",2.37,3.1,3.29,2.55,3,3.1,2.5,3.3,2.85,2.46,3.15,3.37,2.5,3.1,2.9,2.38,3.1,3.25,2.46,3.125,3.1267,2.71,3.05,3.09
"SP1","22/10/17","Real Madrid","Eibar",3,0,"H",1.09,11,23,1.08,12.5,23,1.1,9,27,1.11,13.5,23.85,1.1,10,17,1.07,13,21,1.0917,11.5,22.475,1.11,12,25
"SP1","22/10/17","Villarreal","Las Palmas",4,0,"H",1.5,4.2,7,1.53,4.25,6.25,1.55,4,6.2,1.52,4.6,6.87,1.53,4,6,1.53,4.4,6.5,1.5267,4.2417,6.47,1.58,4.5,5.99
"SP1","23/10/17","La Coruna","Girona",1,2,"A",2.04,3.29,3.79,2,3.3,4,1.9,3.5,4.1,2.06,3.49,4.03,2.05,3.2,3.75,2,3.5,3.7,2.0083,3.38,3.895,2.07,3.64,3.81
"SP1","23/10/17","Sociedad","Espanol",1,1,"D",1.85,3.79,4,1.78,3.75,4.5,1.8,3.6,4.5,1.86,3.81,4.53,1.83,3.5,4.33,1.8,3.8,4.3,1.82,3.7083,4.36,1.68,4.12,5.48
"SP1","28/10/17","Alaves","Valencia",1,2,"A",6,3.75,1.6,5.25,3.9,1.67,5.7,3.9,1.6,5.94,4.1,1.65,5.5,3.8,1.62,5.75,4.1,1.65,5.69,3.925,1.6317,5.43,4.15,1.68
"SP1","28/10/17","Ath Bilbao","Barcelona",0,2,"A",7,4.5,1.44,6.5,4.6,1.48,6.5,4.2,1.5,7.65,4.89,1.46,7,4.5,1.44,7,5,1.45,6.9417,4.615,1.4617,7.61,5.03,1.45
"SP1","28/10/17","Ath Madrid","Villarreal",1,1,"D",1.5,4,7.5,1.53,4.1,6.75,1.5,4.2,6.5,1.55,4.23,7.29,1.53,3.8,7,1.57,4.2,6.5,1.53,4.0883,6.9233,1.65,3.98,6.17
"SP1","28/10/17","Sevilla","Leganes",2,1,"H",1.61,3.75,6,1.6,3.9,6,1.6,4,5.5,1.59,3.91,7.33,1.62,3.6,6,1.62,4,6.25,1.6067,3.86,6.18,1.71,3.93,5.57
"SP1","29/10/17","Eibar","Levante",2,2,"D",1.95,3.39,4.2,1.95,3.3,4.2,2.1,3.4,3.5,1.98,3.48,4.39,1.91,3.4,4.2,1.93,3.4,4.2,1.97,3.395,4.115,2.02,3.33,4.44
"SP1","29/10/17","Getafe","Sociedad",2,1,"H",2.45,3.39,2.87,2.5,3.3,2.9,2.6,3.25,2.75,2.64,3.37,2.9,2.5,3.3,2.8,2.55,3.4,2.9,2.54,3.335,2.8533,2.45,3.44,3.11
"SP1","29/10/17","Girona","Real Madrid",2,1,"H",10,6.5,1.25,11,6.25,1.25,15,6.5,1.2,12.08,6.86,1.26,11,6,1.25,10.5,6.5,1.25,11.5967,6.435,1.2433,12.85,7.5,1.24
"SP1","29/10/17","Malaga","Celta",2,1,"H",3.1,3.39,2.29,2.85,3.4,2.45,2.9,3.4,2.4,3.07,3.62,2.4,2.88,3.4,2.38,2.9,3.5,2.38,2.95,3.4517,2.3833,3.13,3.57,2.38
"SP1","30/10/17","Espanol","Betis",1,0,"H",2.14,3.39,3.39,2.25,3.25,3.4,2.1,3.4,3.5,2.3,3.47,3.36,2.15,3.4,3.3,2.25,3.4,3.2,2.1983,3.385,3.3583,2.01,3.69,3.96
"SP1","30/10/17","Las Palmas","La Coruna",1,3,"A",2.04,3.5,3.6,2.2,3.5,3.2,2.2,3.35,3.3,2.19,3.71,3.4,2.15,3.5,3.25,2.15,3.6,3.3,2.155,3.5267,3.3417,2.05,3.78,3.73
"SP1","03/11/17","Betis","Getafe",2,2,"D",2,3.5,3.79,2,3.6,3.7,2,3.4,3.8,2.05,3.59,3.92,2,3.4,3.75,2.05,3.5,3.8,2.0167,3.4983,3.7933,2.06,3.55,3.94
"SP1","04/11/17","Alaves","Espanol",1,0,"H",2.87,3.1,2.7,2.9,3.1,2.6,2.65,3.3,2.65,2.96,3.14,2.75,2.8,3,2.7,2.9,3.1,2.75,2.8467,3.1233,2.6917,2.84,3.1,2.9
"SP1","04/11/17","Barcelona","Sevilla",2,1,"H",1.19,7.5,12,1.19,7.75,12,1.22,7,11,1.21,8.15,13.75,1.2,7,11,1.22,7.5,13,1.205,7.4833,12.125,1.24,7.57,12.26
"SP1","04/11/17","La Coruna","Ath Madrid",0,1,"A",4.75,3.6,1.8,4.75,3.6,1.78,4.7,3.9,1.7,4.78,3.68,1.85,5,3.5,1.75,4.6,3.7,1.83,4.7633,3.6633,1.785,5.68,3.69,1.75
"SP1","04/11/17","Valencia","Leganes",3,0,"H",1.5,4.33,6.5,1.5,4.33,6.5,1.45,4.5,7,1.53,4.4,7.23,1.53,4,6.5,1.53,4.33,7,1.5067,4.315,6.7883,1.53,4.31,7.5
"SP1","05/11/17","Celta","Ath Bilbao",3,1,"H",2.1,3.5,3.5,2.1,3.4,3.6,2.2,3.35,3.3,2.11,3.52,3.81,2.1,3.4,3.4,2.1,3.5,3.7,2.1183,3.445,3.5517,2.25,3.44,3.5
"SP1","05/11/17","Levante","Girona",1,2,"A",2.39,3.29,3,2.4,3.2,3.1,2.2,3.35,3.3,2.5,3.31,3.14,2.4,3.1,3.1,2.45,3.4,3.1,2.39,3.275,3.1233,2.69,3.37,2.85
"SP1","05/11/17","Real Madrid","Las Palmas",3,0,"H",1.08,13,19,1.06,13.5,29,1.07,12,26,1.07,17,31,1.08,12,21,1.06,15,26,1.07,13.75,25.3333,1.09,14.29,29.62
"SP1","05/11/17","Sociedad","Eibar",3,1,"H",1.61,4,5.5,1.6,4,5.75,1.6,4,5.5,1.6,4.4,5.95,1.62,3.8,5.5,1.57,4.2,5.5,1.6,4.0667,5.6167,1.52,4.66,6.76
"SP1","05/11/17","Villarreal","Malaga",2,0,"H",1.53,4.33,6,1.53,4.4,6,1.45,4.4,7.2,1.6,4.37,6.09,1.53,4.2,6,1.55,4.3,5.75,1.5317,4.3333,6.1733,1.62,4.12,6.28
"SP1","17/11/17","Girona","Sociedad",1,1,"D",2.89,3.5,2.37,2.75,3.5,2.5,2.6,3.3,2.7,2.97,3.59,2.48,2.75,3.6,2.4,2.9,3.5,2.5,2.81,3.4983,2.4917,2.98,3.6,2.45
"SP1","18/11/17","Ath Madrid","Real Madrid",0,0,"D",3.2,3.39,2.25,3.3,3.3,2.25,2.95,3.3,2.4,3.32,3.58,2.28,3.2,3.2,2.3,3.25,3.5,2.3,3.2033,3.3783,2.2967,3.21,3.38,2.43
"SP1","18/11/17","Getafe","Alaves",4,1,"H",1.8,3.5,4.75,1.78,3.5,5,1.75,3.6,4.8,1.86,3.5,5.06,1.83,3.2,5,1.83,3.5,5,1.8083,3.4667,4.935,1.75,3.55,5.98
"SP1","18/11/17","Leganes","Barcelona",0,3,"A",9.5,5.25,1.33,10.5,5.25,1.3,9.5,5.5,1.3,9.5,5.35,1.37,8.5,4.8,1.36,9,5.4,1.36,9.4167,5.2583,1.3367,9.03,5,1.41
"SP1","18/11/17","Sevilla","Celta",2,1,"H",1.72,3.79,4.75,1.72,3.9,4.75,1.8,3.6,4.5,1.78,4.05,4.78,1.75,3.75,4.5,1.75,4.1,4.6,1.7533,3.865,4.6467,1.62,4.41,5.66
"SP1","19/11/17","Ath Bilbao","Villarreal",1,1,"D",2.25,3.29,3.29,2.25,3.3,3.3,2.3,3.3,3.15,2.24,3.41,3.55,2.25,3.3,3.2,2.2,3.4,3.3,2.2483,3.3333,3.2983,2.23,3.37,3.63
"SP1","19/11/17","Espanol","Valencia",0,2,"A",3.2,3.29,2.29,3.2,3.4,2.25,3.5,3.4,2.1,3.29,3.48,2.33,3.3,3.3,2.2,3.13,3.4,2.25,3.27,3.3783,2.2367,2.66,3.41,2.85
"SP1","19/11/17","Las Palmas","Levante",0,2,"A",1.95,3.5,4,1.91,3.5,4.1,2,3.4,3.8,1.94,3.64,4.34,1.91,3.5,4,1.9,3.6,4.1,1.935,3.5233,4.0567,1.72,4.18,4.97
"SP1","19/11/17","Malaga","La Coruna",3,2,"H",2.37,3.29,3.1,2.3,3.25,3.25,2.2,3.35,3.3,2.37,3.39,3.3,2.25,3.3,3.2,2.3,3.4,3.25,2.2983,3.33,3.2333,2.42,3.39,3.2
"SP1","20/11/17","Eibar","Betis",5,0,"H",2.39,3.29,3,2.45,3.4,2.9,2.4,3.3,2.95,2.46,3.48,3.06,2.5,3.4,2.75,2.4,3.5,2.88,2.4333,3.395,2.9233,2.21,3.59,3.46
"SP1","24/11/17","Celta","Leganes",1,0,"H",1.95,3.25,4.33,1.95,3.3,4.25,1.9,3.5,4.1,2.01,3.39,4.38,2,3.4,3.8,2,3.4,4.2,1.9683,3.3733,4.1767,1.94,3.44,4.66
"SP1","25/11/17","Alaves","Eibar",1,2,"A",2.5,3.1,3.1,2.55,3.1,3,2.5,3.2,2.9,2.72,3.08,3.05,2.62,3.1,2.8,2.63,3.1,3,2.5867,3.1133,2.975,3.08,2.95,2.81
"SP1","25/11/17","Betis","Girona",2,2,"D",2,3.6,3.75,2,3.7,3.6,2,3.4,3.8,2.05,3.77,3.75,2.05,3.6,3.4,2.1,3.7,3.5,2.0333,3.6283,3.6333,2.03,3.84,3.72
"SP1","25/11/17","Levante","Ath Madrid",0,5,"A",7.5,3.75,1.53,7.75,3.9,1.5,5.7,3.9,1.6,7.4,3.95,1.58,6,3.75,1.57,7,3.8,1.6,6.8917,3.8417,1.5633,7.59,3.89,1.58
"SP1","25/11/17","Real Madrid","Malaga",3,2,"H",1.08,13,21,1.09,12,20,1.1,9,27,1.09,15.37,25.02,1.1,9,26,1.07,13,31,1.0883,11.895,25.0033,1.1,12.8,26.5
"SP1","26/11/17","La Coruna","Ath Bilbao",2,2,"D",2.75,3.29,2.6,2.75,3.2,2.65,2.6,3.25,2.75,2.78,3.41,2.73,2.7,3.1,2.7,2.75,3.3,2.7,2.7217,3.2583,2.6883,2.98,3.22,2.67
"SP1","26/11/17","Sociedad","Las Palmas",2,2,"D",1.44,4.75,7,1.4,5,7.25,1.45,4.5,7,1.41,5.51,7.61,1.44,4.33,7,1.4,5.2,7,1.4233,4.8817,7.1433,1.4,5.42,8.18
"SP1","26/11/17","Valencia","Barcelona",1,1,"D",4,3.89,1.85,4,3.8,1.87,3.6,3.6,2,4.26,3.99,1.87,4,3.8,1.83,3.9,4,1.83,3.96,3.8467,1.875,4.89,4.65,1.67
"SP1","26/11/17","Villarreal","Sevilla",2,3,"A",2.37,3.39,3,2.45,3.2,3,2.4,3.3,2.95,2.41,3.4,3.22,2.4,3.1,3.1,2.38,3.4,3,2.4017,3.2983,3.045,2.16,3.66,3.52
"SP1","27/11/17","Espanol","Getafe",1,0,"H",2,3.39,3.79,2,3.3,4,2.2,3.2,3.5,2.12,3.34,4.02,2.1,3.2,3.6,2.05,3.3,3.8,2.0783,3.2883,3.785,2.2,3.28,3.83
"SP1","01/12/17","Malaga","Levante",0,0,"D",1.72,3.79,4.75,1.75,3.6,5,1.85,3.5,4.3,1.78,3.8,5.12,1.75,3.6,4.5,1.75,3.8,5,1.7667,3.6817,4.7783,1.88,3.63,4.69
"SP1","02/12/17","Ath Bilbao","Real Madrid",0,0,"D",7.5,4.5,1.44,6.75,4.75,1.45,6,4.5,1.5,7.11,4.85,1.49,6,4.33,1.5,7,4.8,1.45,6.7267,4.6217,1.4717,6.9,5.15,1.47
"SP1","02/12/17","Ath Madrid","Sociedad",2,1,"H",1.5,3.89,7.5,1.5,4.25,6.75,1.5,4.2,6.5,1.56,4.25,7.08,1.57,3.8,6,1.55,4.3,6.5,1.53,4.115,6.7217,1.44,4.75,8.51
"SP1","02/12/17","Barcelona","Celta",2,2,"D",1.12,10,17,1.11,9.75,21,1.15,8,16,1.14,10.92,19.11,1.14,7.5,17,1.13,10,23,1.1317,9.3617,18.8517,1.13,11,24.5
"SP1","02/12/17","Sevilla","La Coruna",2,0,"H",1.44,4.5,7.5,1.42,4.75,7.25,1.4,4.8,7.5,1.45,5,7.6,1.44,4.6,6.5,1.45,5,7,1.4333,4.775,7.225,1.43,5.48,7.33
"SP1","03/12/17","Eibar","Espanol",3,1,"H",2.37,3.1,3.29,2.4,3.1,3.2,2.4,3.3,2.95,2.38,3.25,3.43,2.4,3.1,3.1,2.3,3.2,3.3,2.375,3.175,3.2117,2.37,3.25,3.45
"SP1","03/12/17","Getafe","Valencia",1,0,"H",3,3.39,2.29,3,3.4,2.35,3.15,3.3,2.3,2.96,3.52,2.51,3.1,3.1,2.4,2.88,3.5,2.4,3.015,3.3683,2.375,3.23,3.65,2.29
"SP1","03/12/17","Las Palmas","Betis",1,0,"H",2.2,3.5,3.1,2.2,3.6,3.1,2.2,3.35,3.3,2.27,3.74,3.21,2.25,3.2,3.2,2.2,3.75,3,2.22,3.5233,3.1517,2.31,3.79,3.09
"SP1","03/12/17","Leganes","Villarreal",3,1,"H",2.79,3.25,2.62,2.8,3.2,2.6,2.7,3.3,2.6,2.91,3.16,2.78,2.7,3.1,2.7,2.8,3.25,2.75,2.7833,3.21,2.675,2.8,3.34,2.75
"SP1","04/12/17","Girona","Alaves",2,3,"A",1.6,3.79,6,1.65,3.9,5.25,1.7,3.7,5,1.63,3.94,6.59,1.67,3.4,6,1.62,3.9,5.75,1.645,3.7717,5.765,1.6,4.15,6.57
"SP1","08/12/17","Alaves","Las Palmas",2,0,"H",2.29,3.25,3.25,2.3,3.3,3.25,2.3,3.3,3.15,2.32,3.33,3.45,2.25,3.3,3.2,2.3,3.4,3.3,2.2933,3.3133,3.2667,2.36,3.47,3.26
"SP1","09/12/17","Getafe","Eibar",0,0,"D",2.04,3.39,3.75,1.95,3.4,3.8,2,3.4,3.8,2.08,3.38,4.1,1.95,3.4,4,2.05,3.4,4,2.0117,3.395,3.9083,2.11,3.51,3.83
"SP1","09/12/17","La Coruna","Leganes",1,0,"H",2.37,3.2,3.2,2.35,3.25,3.2,2.3,3.3,3.15,2.4,3.26,3.37,2.25,3.2,3.3,2.37,3.3,3.25,2.34,3.2517,3.245,2.36,3.32,3.39
"SP1","09/12/17","Real Madrid","Sevilla",5,0,"H",1.33,5.5,8.5,1.33,5.75,8.25,1.35,5.3,8,1.33,6.4,8.85,1.29,5.5,9,1.3,6.25,8.5,1.3217,5.7833,8.5167,1.35,6.1,8.65
"SP1","09/12/17","Valencia","Celta",2,1,"H",1.66,4,5,1.7,4,4.75,1.65,4,5,1.73,4.29,4.77,1.62,4.2,5,1.73,4.2,4.75,1.6817,4.115,4.8783,1.81,4.08,4.53
"SP1","10/12/17","Betis","Ath Madrid",0,1,"A",4.75,3.79,1.72,5,3.8,1.7,5,3.7,1.7,5.29,3.85,1.75,4.5,3.75,1.75,4.8,3.8,1.73,4.89,3.7817,1.725,5.85,4.37,1.61
"SP1","10/12/17","Levante","Ath Bilbao",1,2,"A",3.25,3.39,2.25,3.25,3.4,2.25,2.95,3.3,2.4,3.57,3.33,2.27,3.2,3.2,2.3,3.3,3.3,2.25,3.2533,3.32,2.2867,3.9,3.53,2.08
"SP1","10/12/17","Sociedad","Malaga",0,2,"A",1.53,4.33,6,1.5,4.6,6,1.6,4,5.5,1.53,4.64,6.6,1.55,4,6,1.53,4.5,6.5,1.54,4.345,6.1,1.51,4.54,7.38
"SP1","10/12/17","Villarreal","Barcelona",0,2,"A",6,4.33,1.53,5.5,4.4,1.55,6,4.5,1.5,6.16,4.71,1.55,5.5,4.4,1.53,5.5,4.6,1.53,5.7767,4.49,1.5317,5.81,4.54,1.6
"SP1","11/12/17","Espanol","Girona",0,1,"A",2.04,3.5,3.6,2,3.3,4,2.05,3.3,3.8,2.04,3.38,4.27,2,3.4,3.8,2,3.5,3.8,2.0217,3.3967,3.8783,1.88,3.54,4.88
"SP1","15/12/17","Sevilla","Levante",0,0,"D",1.28,5.75,9.5,1.3,5.5,10,1.3,5.5,9.5,1.32,5.77,10.88,1.3,5.5,9.5,1.33,5.75,9.5,1.305,5.6283,9.8133,1.28,6.24,12.4
"SP1","16/12/17","Ath Bilbao","Sociedad",0,0,"D",2.14,3.39,3.39,2.25,3.4,3.25,2.1,3.3,3.6,2.31,3.44,3.37,2.2,3.3,3.3,2.25,3.5,3.3,2.2083,3.3883,3.3683,2.31,3.47,3.34
"SP1","16/12/17","Ath Madrid","Alaves",1,0,"H",1.19,6.5,15,1.2,6.5,16.5,1.25,6,11,1.22,6.8,18.25,1.22,5.5,17,1.22,6.5,18,1.2167,6.3,15.9583,1.27,5.98,16.01
"SP1","16/12/17","Eibar","Valencia",2,1,"H",2.75,3.29,2.6,2.8,3.4,2.5,3.15,3.3,2.3,2.84,3.44,2.65,2.7,3.25,2.62,2.8,3.4,2.63,2.84,3.3467,2.55,2.63,3.55,2.79
"SP1","17/12/17","Barcelona","La Coruna",4,0,"H",1.08,13,23,1.08,12,23,1.1,9,27,1.1,14.5,26,1.08,11,26,1.08,12,23,1.0867,11.9167,24.6667,1.13,10.86,21.53
"SP1","17/12/17","Celta","Villarreal",0,1,"A",2.29,3.39,3.1,2.35,3.2,3.25,2.2,3.35,3.3,2.4,3.54,3.13,2.3,3.3,3.1,2.3,3.5,3,2.3067,3.38,3.1467,2.66,3.53,2.77
"SP1","17/12/17","Girona","Getafe",1,0,"H",2.2,3.25,3.5,2.15,3.3,3.6,2.2,3.2,3.5,2.21,3.49,3.55,2.1,3.3,3.5,2.25,3.4,3.4,2.185,3.3233,3.5083,2.23,3.38,3.63
"SP1","17/12/17","Las Palmas","Espanol",2,2,"D",2.5,3.29,2.87,2.45,3.4,2.9,2.4,3.2,3.05,2.58,3.41,2.95,2.5,3.3,2.8,2.5,3.4,2.88,2.4883,3.3333,2.9083,2.51,3.37,3.07
"SP1","18/12/17","Malaga","Betis",0,2,"A",2,3.39,3.79,2.05,3.4,3.7,2.1,3.4,3.5,2.07,3.62,3.83,2.1,3.4,3.4,2.05,3.5,3.6,2.0617,3.4517,3.6367,2.24,3.41,3.56
"SP1","19/12/17","Levante","Leganes",0,0,"D",2.7,3,2.89,2.65,2.95,3,2.6,3.25,2.75,2.68,3.13,3.05,2.6,3,2.9,2.63,3.1,3.1,2.6433,3.0717,2.9483,2.76,3.11,2.98
"SP1","20/12/17","Getafe","Las Palmas",2,0,"H",1.75,3.6,5,1.75,3.7,4.75,1.75,3.6,4.8,1.81,3.81,4.85,1.75,3.75,4.5,1.8,3.75,4.75,1.7683,3.7017,4.775,1.77,4.04,4.82
"SP1","20/12/17","Sociedad","Sevilla",3,1,"H",2.25,3.5,3,2.2,3.5,3.25,2.3,3.3,3.15,2.24,3.8,3.22,2.2,3.6,3.1,2.2,3.75,3.2,2.2317,3.575,3.1533,2.12,3.9,3.42
"SP1","21/12/17","Alaves","Malaga",1,0,"H",2.14,3.2,3.5,2.1,3.3,3.7,2.2,3.35,3.3,2.13,3.35,3.97,2.15,3.2,3.5,2.05,3.3,3.8,2.1283,3.2833,3.6283,2.05,3.32,4.32
"SP1","21/12/17","Eibar","Girona",4,1,"H",2,3.39,3.75,1.95,3.4,4.1,2.1,3.4,3.5,2.01,3.5,4.23,2,3.4,3.75,2,3.4,4,2.01,3.415,3.8883,2.08,3.4,4.1
"SP1","22/12/17","Betis","Ath Bilbao",0,2,"A",2.7,3.25,2.62,2.7,3.2,2.6,2.75,3.25,2.6,2.76,3.45,2.72,2.75,3.4,2.5,2.7,3.4,2.63,2.7267,3.325,2.6117,2.77,3.39,2.75
"SP1","22/12/17","Espanol","Ath Madrid",1,0,"H",5,3.5,1.72,5,3.5,1.72,4.8,3.6,1.75,5.62,3.57,1.78,5,3.4,1.75,5.2,3.5,1.75,5.1033,3.5117,1.745,5.48,3.53,1.81
"SP1","23/12/17","La Coruna","Celta",1,3,"A",2.54,3.29,2.7,2.6,3.1,2.75,2.6,3.25,2.75,2.77,3.51,2.67,2.5,3.3,2.8,2.62,3.5,2.62,2.605,3.325,2.715,2.98,3.36,2.58
"SP1","23/12/17","Real Madrid","Barcelona",0,3,"A",2.1,3.75,3.1,2.05,3.7,3.2,2.2,3.7,3.05,2.09,4.06,3.34,2.05,4,3.1,2.05,4,3.2,2.09,3.8683,3.165,2.21,3.9,3.21
"SP1","23/12/17","Valencia","Villarreal",0,1,"A",2.04,3.6,3.29,1.95,3.7,3.5,2,3.4,3.8,2.09,3.92,3.5,2,3.75,3.4,2.05,3.8,3.4,2.0217,3.695,3.4817,2.13,3.69,3.56
"SP1","06/01/18","Ath Madrid","Getafe",2,0,"H",1.39,4.2,10,1.4,4.5,9,1.4,4.6,8,1.41,4.72,10.29,1.4,4.2,9,1.4,4.6,10.5,1.4,4.47,9.465,1.36,4.87,12.3
"SP1","06/01/18","Las Palmas","Eibar",1,2,"A",2.54,3.39,2.75,2.55,3.4,2.75,2.55,3.3,2.77,2.64,3.53,2.79,2.62,3.2,2.75,2.6,3.5,2.8,2.5833,3.3867,2.7683,2.73,3.62,2.65
"SP1","06/01/18","Sevilla","Betis",3,5,"A",1.5,4.33,6.5,1.5,4.6,6,1.55,4,6.2,1.52,4.7,6.74,1.53,4.2,6,1.55,4.5,6.25,1.525,4.3883,6.2817,1.63,4.41,5.55
"SP1","06/01/18","Valencia","Girona",2,1,"H",1.61,4,5.5,1.6,4.1,5.5,1.65,3.8,5.3,1.66,4.15,5.63,1.62,3.8,5.5,1.67,4.1,5.4,1.635,3.9917,5.4717,1.49,4.54,7.71
"SP1","07/01/18","Ath Bilbao","Alaves",2,0,"H",1.66,3.5,6,1.67,3.6,5.75,1.6,4,5.5,1.66,3.9,6.26,1.67,3.6,5.5,1.62,3.8,5.75,1.6467,3.7333,5.7933,1.84,3.52,5.14
"SP1","07/01/18","Barcelona","Levante",3,0,"H",1.05,15,34,1.05,15.5,29,1.07,12,26,1.05,20.38,31.01,1.06,15,26,1.04,17,34,1.0533,15.8133,30.0017,1.06,18.5,46
"SP1","07/01/18","Celta","Real Madrid",2,2,"D",6.5,4.33,1.5,6.25,4.75,1.48,6,4.5,1.5,6.6,5.14,1.48,6,4.5,1.5,5.75,5,1.5,6.1833,4.7033,1.4933,6.57,5.05,1.49
"SP1","07/01/18","Leganes","Sociedad",1,0,"H",2.89,3.25,2.5,3,3.2,2.45,2.75,3.25,2.6,3.07,3.39,2.51,2.9,3.2,2.5,3.1,3.3,2.45,2.9517,3.265,2.5017,3.36,3.11,2.5
"SP1","07/01/18","Villarreal","La Coruna",1,1,"D",1.57,4,6,1.62,3.8,6,1.55,4,6.2,1.62,4.27,5.94,1.57,3.75,6.5,1.6,4.2,5.5,1.5883,4.0033,6.0233,1.56,4.33,6.87
"SP1","08/01/18","Malaga","Espanol",0,1,"A",2.54,3,3.1,2.55,3,3.1,2.5,3.1,3,2.54,3.11,3.28,2.6,3,2.9,2.55,3.1,3,2.5467,3.0517,3.0633,3.08,3.12,2.67
"SP1","12/01/18","Getafe","Malaga",1,0,"H",1.8,3.39,5,1.8,3.4,5,1.85,3.5,4.3,1.81,3.51,5.44,1.8,3.3,5,1.83,3.4,5.25,1.815,3.4167,4.9983,1.91,3.35,4.91
"SP1","13/01/18","Eibar","Ath Madrid",0,1,"A",4,3.2,2.04,4.1,3.3,2,4.1,3.5,1.9,3.98,3.39,2.11,4,3.2,2,4,3.4,2.05,4.03,3.3317,2.0167,4.27,3.22,2.08
"SP1","13/01/18","Girona","Las Palmas",6,0,"H",1.72,3.79,4.75,1.75,3.7,4.75,1.8,3.6,4.5,1.75,4.05,4.94,1.75,3.6,4.8,1.75,4,4.75,1.7533,3.79,4.7483,1.64,4.34,5.45
"SP1","13/01/18","La Coruna","Valencia",1,2,"A",3,3.39,2.37,3,3.5,2.3,3.3,3.35,2.2,3.08,3.69,2.35,3,3.2,2.4,3,3.6,2.38,3.0633,3.455,2.3333,3.3,3.68,2.22
"SP1","13/01/18","Real Madrid","Villarreal",0,1,"A",1.25,6.5,10,1.25,6.75,10,1.3,5.5,9.5,1.27,7.01,10.86,1.25,6,11,1.25,7,12,1.2617,6.46,10.56,1.21,8.12,13.31
"SP1","14/01/18","Alaves","Sevilla",1,0,"H",3.25,3.25,2.29,3.3,3.3,2.25,3.3,3.35,2.2,3.47,3.42,2.28,3.3,3.1,2.3,3.2,3.4,2.25,3.3033,3.3033,2.2617,3.59,3.4,2.21
"SP1","14/01/18","Espanol","Ath Bilbao",1,1,"D",2.54,3,3,2.55,3.1,2.95,2.6,3.2,2.8,2.66,3.19,3.03,2.62,3,2.9,2.55,3.13,3,2.5867,3.1033,2.9467,2.93,3.24,2.66
"SP1","14/01/18","Levante","Celta",0,1,"A",3,3.25,2.45,3.1,3.2,2.4,2.7,3.3,2.6,3.17,3.44,2.42,3.1,3.1,2.4,3.13,3.4,2.4,3.0333,3.2817,2.445,3.53,3.5,2.19
"SP1","14/01/18","Sociedad","Barcelona",2,4,"A",6.5,5,1.44,6.75,4.75,1.45,7.2,5,1.4,6.94,4.89,1.49,7,4.5,1.44,6.25,5,1.44,6.7733,4.8567,1.4433,7.36,5.35,1.43
"SP1","15/01/18","Betis","Leganes",3,2,"H",2.25,3.1,3.5,2.15,3.3,3.5,2.2,3.25,3.4,2.23,3.38,3.62,2.25,3.1,3.4,2.15,3.3,3.5,2.205,3.2383,3.4867,1.99,3.48,4.26
"SP1","19/01/18","Getafe","Ath Bilbao",2,2,"D",2.7,3.1,2.79,2.7,3.1,2.8,2.6,3.2,2.8,2.85,3.14,2.82,2.7,3.1,2.75,2.8,3.13,2.8,2.725,3.1283,2.7933,2.82,3.18,2.81
"SP1","20/01/18","Ath Madrid","Girona",1,1,"D",1.36,4.75,9.5,1.36,4.75,9.5,1.35,5,8.5,1.36,5.11,10.33,1.36,4.5,10,1.4,4.8,10,1.365,4.8183,9.6383,1.35,4.97,12.38
"SP1","20/01/18","Espanol","Sevilla",0,3,"A",2.75,3.2,2.7,2.8,3.3,2.55,2.75,3.25,2.6,2.78,3.31,2.76,2.7,3.1,2.7,2.8,3.3,2.7,2.7633,3.2433,2.6683,3.11,3.25,2.53
"SP1","20/01/18","Las Palmas","Valencia",2,1,"H",4.5,4,1.72,4.25,4,1.78,4.8,3.6,1.75,4.53,4.1,1.79,4.2,3.75,1.8,4.4,4.1,1.8,4.4467,3.925,1.7733,4.26,4.1,1.83
"SP1","20/01/18","Villarreal","Levante",2,1,"H",1.44,4.5,7.5,1.48,4.4,7,1.45,4.4,7.2,1.51,4.39,7.42,1.44,4.33,7,1.5,4.4,7.5,1.47,4.4033,7.27,1.66,3.93,5.9
"SP1","21/01/18","Alaves","Leganes",2,2,"D",2.14,3.1,3.75,2.2,3,3.8,2.2,3.35,3.3,2.2,3.1,3.97,2.2,3,3.6,2.2,3.1,3.9,2.19,3.1083,3.72,2.28,3.06,3.84
"SP1","21/01/18","Betis","Barcelona",0,5,"A",10,6,1.28,9,5.75,1.3,9.5,5.5,1.3,9.2,6.1,1.33,9,5,1.33,9,6,1.3,9.2833,5.725,1.3067,10.39,6.63,1.29
"SP1","21/01/18","Real Madrid","La Coruna",7,1,"H",1.14,9,15,1.13,9.5,17.5,1.12,9,20,1.13,11,19,1.14,8,17,1.14,9.5,21,1.1333,9.3333,18.25,1.13,11,22
"SP1","21/01/18","Sociedad","Celta",1,2,"A",1.85,3.89,4,1.85,3.8,4,2.2,3.35,3.3,1.9,3.95,4.06,1.91,3.5,4,1.85,4,3.9,1.9267,3.7483,3.8767,1.85,3.86,4.44
"SP1","22/01/18","Eibar","Malaga",1,1,"D",1.66,3.5,6,1.7,3.6,5.5,1.75,3.7,4.7,1.68,3.72,6.31,1.7,3.4,5.5,1.67,3.7,5.5,1.6933,3.6033,5.585,1.85,3.48,5.07
"SP1","26/01/18","Ath Bilbao","Eibar",1,1,"D",1.9,3.39,4.33,1.9,3.4,4.33,1.9,3.5,4.1,1.99,3.47,4.25,1.95,3.4,4,2,3.4,4.2,1.94,3.4267,4.2017,1.93,3.55,4.45
"SP1","27/01/18","La Coruna","Levante",2,2,"D",2,3.5,3.79,1.95,3.5,4,2,3.4,3.8,2,3.59,4.15,2,3.3,3.8,2,3.6,4,1.9917,3.4817,3.9233,1.87,3.74,4.5
"SP1","27/01/18","Malaga","Girona",0,0,"D",2.29,3,3.39,2.35,3.2,3.25,2.6,3.2,2.8,2.36,3.32,3.33,2.4,3.1,3.1,2.4,3.25,3.25,2.4,3.1783,3.1867,2.78,3.07,2.95
"SP1","27/01/18","Valencia","Real Madrid",1,4,"A",5,4.33,1.61,4.75,4.5,1.62,4.2,4.2,1.75,4.79,4.53,1.68,5,4.2,1.62,4.75,4.5,1.67,4.7483,4.3767,1.6583,4.85,4.73,1.65
"SP1","27/01/18","Villarreal","Sociedad",4,2,"H",2.04,3.5,3.5,2.1,3.5,3.5,1.9,3.5,4.1,2.14,3.65,3.59,2.1,3.4,3.4,2.15,3.5,3.5,2.0717,3.5083,3.5983,1.98,3.72,3.98
"SP1","28/01/18","Ath Madrid","Las Palmas",3,0,"H",1.16,7.5,17,1.18,7.25,16.5,1.2,6.5,15,1.19,7.69,18.88,1.17,7,17,1.18,8,18,1.18,7.3233,17.0633,1.19,7.55,18
"SP1","28/01/18","Barcelona","Alaves",2,1,"H",1.08,11,26,1.08,11.5,29,1.1,9,27,1.1,13.4,24.5,1.1,9,26,1.06,13,31,1.0867,11.15,27.25,1.1,11.96,28.53
"SP1","28/01/18","Leganes","Espanol",3,2,"H",2.37,2.79,3.5,2.45,2.95,3.3,2.6,3.15,2.85,2.47,3.08,3.36,2.5,2.9,3.2,2.5,3,3.3,2.4817,2.9783,3.2517,2.91,2.93,2.94
"SP1","28/01/18","Sevilla","Getafe",1,1,"D",1.5,4.33,6.5,1.5,4.25,6.75,1.55,4,6.2,1.54,4.47,6.56,1.53,4,6.5,1.5,4.4,6.5,1.52,4.2417,6.5017,1.54,4.08,7.6
"SP1","29/01/18","Celta","Betis",3,2,"H",1.75,3.75,4.75,1.75,3.8,4.6,1.75,3.6,4.8,1.8,4.18,4.34,1.75,3.8,4.33,1.75,4,4.4,1.7583,3.855,4.5367,1.73,4.14,4.89
"SP1","02/02/18","Sociedad","La Coruna",5,0,"H",1.44,4.75,6.5,1.44,4.75,7,1.7,3.9,4.7,1.48,4.82,7.05,1.5,4.4,6,1.5,4.8,6.5,1.51,4.57,6.2917,1.46,5.09,6.95
"SP1","03/02/18","Alaves","Celta",2,1,"H",2.62,3.2,2.79,2.65,3.25,2.75,2.65,3.3,2.65,2.63,3.37,2.87,2.7,3.1,2.7,2.63,3.4,2.8,2.6467,3.27,2.76,2.63,3.27,2.96
"SP1","03/02/18","Betis","Villarreal",2,1,"H",2.79,3.39,2.5,2.8,3.3,2.55,2.85,3.3,2.5,2.82,3.56,2.57,2.8,3.3,2.5,2.8,3.5,2.55,2.81,3.3917,2.5283,3.11,3.68,2.32
"SP1","03/02/18","Eibar","Sevilla",5,1,"H",2.6,3.29,2.75,2.55,3.4,2.75,2.7,3.3,2.6,2.62,3.43,2.84,2.62,3.2,2.75,2.55,3.4,2.9,2.6067,3.3367,2.765,2.9,3.3,2.65
"SP1","03/02/18","Levante","Real Madrid",2,2,"D",13,7,1.19,14,7.75,1.18,11,6,1.25,14.8,7.5,1.21,13,6.5,1.2,15,7.5,1.2,13.4667,7.0417,1.205,13.4,7.72,1.22
"SP1","04/02/18","Ath Madrid","Valencia",1,0,"H",1.44,4.33,7.5,1.48,4.2,7.25,1.57,3.9,6.1,1.51,4.48,7.28,1.5,4,7,1.45,4.4,7,1.4917,4.2183,7.0217,1.49,4.24,8.63
"SP1","04/02/18","Espanol","Barcelona",1,1,"D",9.5,5.25,1.33,9.5,5.25,1.33,9.5,5.5,1.3,9.2,5.35,1.37,9,5,1.33,9,5.4,1.36,9.2833,5.2917,1.3367,8.85,4.68,1.43
"SP1","04/02/18","Getafe","Leganes",0,0,"D",1.9,3.2,4.5,1.91,3.25,4.6,2,3.2,4.1,1.96,3.25,4.83,2,3,4.4,1.95,3.25,4.75,1.9533,3.1917,4.53,1.93,3.37,4.77
"SP1","04/02/18","Girona","Ath Bilbao",2,0,"H",2.39,3.29,3,2.5,3.25,2.9,2.5,3.3,2.85,2.57,3.26,3.04,2.5,3.2,2.9,2.45,3.25,3,2.485,3.2583,2.9483,2.28,3.44,3.39
"SP1","05/02/18","Las Palmas","Malaga",1,0,"H",2.25,3.39,3.2,2.25,3.3,3.3,2.2,3.3,3.4,2.32,3.4,3.33,2.25,3.4,3.1,2.25,3.4,3.2,2.2533,3.365,3.255,2.22,3.71,3.27
"SP1","09/02/18","Ath Bilbao","Las Palmas",0,0,"D",1.44,4.5,7.5,1.45,4.33,6.5,1.5,4.2,6.5,1.45,4.83,7.81,1.44,4.5,7,1.45,4.6,7.5,1.455,4.4933,7.135,1.44,4.91,7.75
"SP1","10/02/18","Leganes","Eibar",0,1,"A",2.87,3.1,2.62,2.85,2.95,2.65,2.75,3.1,2.7,2.97,3.1,2.74,3,2.9,2.6,2.9,3.1,2.75,2.89,3.0417,2.6767,2.87,3.11,2.82
"SP1","10/02/18","Malaga","Ath Madrid",0,1,"A",7.5,3.6,1.57,6.5,3.7,1.55,6.5,4.2,1.5,7.11,3.82,1.61,7,3.6,1.57,7,3.75,1.62,6.935,3.7783,1.57,6.25,3.88,1.65
"SP1","10/02/18","Real Madrid","Sociedad",5,2,"H",1.19,7,13,1.2,7,10.5,1.25,7,9,1.26,7.48,10.25,1.22,7,10,1.25,7,10.5,1.2283,7.08,10.5417,1.28,6.96,10.01
"SP1","10/02/18","Villarreal","Alaves",1,2,"A",1.66,4,5,1.67,3.5,5.25,1.65,3.8,5.3,1.7,3.81,5.69,1.67,3.6,5.5,1.7,3.9,5.5,1.675,3.7683,5.3733,1.71,3.64,6.07
"SP1","11/02/18","Barcelona","Getafe",0,0,"D",1.12,9,19,1.1,9.25,19,1.12,9,20,1.12,11.25,23.5,1.11,9,21,1.09,10,29,1.11,9.5833,21.9167,1.14,8.8,24.5
"SP1","11/02/18","Celta","Espanol",2,2,"D",1.9,3.6,4,1.83,3.4,4.33,1.8,3.6,4.5,1.89,3.57,4.62,1.85,3.4,4.4,1.85,3.6,4.3,1.8533,3.5283,4.3583,1.89,3.58,4.61
"SP1","11/02/18","Sevilla","Girona",1,0,"H",1.72,3.79,4.75,1.67,3.9,4.75,1.6,4,5.5,1.72,4.06,5.04,1.67,4,4.8,1.7,3.9,4.8,1.68,3.9417,4.94,1.61,4.13,6.2
"SP1","11/02/18","Valencia","Levante",3,1,"H",1.5,4.33,6.5,1.48,4.1,6.75,1.55,4,6.2,1.54,4.59,6.25,1.5,4.4,6,1.5,4.5,6.25,1.5117,4.32,6.325,1.52,4.33,7.23
"SP1","12/02/18","La Coruna","Betis",0,1,"A",2.2,3.6,3.1,2.2,3.5,3,2.4,3.3,2.95,2.25,3.76,3.18,2.2,3.6,3,2.25,3.7,3,2.25,3.5767,3.0383,2.23,3.68,3.28
"SP1","16/02/18","Girona","Leganes",3,0,"H",1.85,3.25,5,1.87,3.4,4.6,2,3.4,3.8,1.86,3.39,5.19,1.91,3.1,4.75,1.87,3.3,5.25,1.8933,3.3067,4.765,1.77,3.49,5.73
"SP1","17/02/18","Alaves","La Coruna",1,0,"H",1.9,3.39,4.33,1.91,3.5,4.1,1.85,3.5,4.3,1.88,3.56,4.72,1.85,3.5,4.33,1.93,3.5,4.4,1.8867,3.4917,4.3633,2.04,3.51,4.01
"SP1","17/02/18","Eibar","Barcelona",0,2,"A",6.5,4.75,1.44,6.75,4.5,1.48,7.2,4.4,1.45,6.9,4.72,1.5,6.5,4.2,1.5,6.5,4.75,1.5,6.725,4.5533,1.4783,8.23,5.06,1.42
"SP1","17/02/18","Las Palmas","Sevilla",1,2,"A",3.5,3.6,2.04,3.4,3.7,2.05,3.5,3.4,2.1,3.63,3.82,2.05,3.5,3.6,2,3.5,3.8,2.1,3.505,3.6533,2.0567,3.6,3.72,2.09
"SP1","17/02/18","Malaga","Valencia",1,2,"A",3.6,3.5,2.04,3.6,3.5,2.05,4.1,3.5,1.9,3.87,3.44,2.1,3.75,3.3,2.05,3.75,3.5,2.1,3.7783,3.4567,2.04,3.9,3.6,2.04
"SP1","18/02/18","Ath Madrid","Ath Bilbao",2,0,"H",1.44,4.2,8.5,1.45,4,8.75,1.45,4.5,7,1.43,4.35,10.22,1.44,4,8.5,1.4,4.2,9.5,1.435,4.2083,8.745,1.39,4.54,11.54
"SP1","18/02/18","Betis","Real Madrid",3,5,"A",9,6,1.3,8.25,5.5,1.34,8,5.3,1.35,8.4,6.28,1.34,8,5.5,1.33,8,5.75,1.33,8.275,5.7217,1.3317,8.6,6.45,1.33
"SP1","18/02/18","Espanol","Villarreal",1,1,"D",2.5,3.25,2.89,2.5,3.1,3.1,2.5,3.3,2.85,2.52,3.24,3.14,2.5,3.1,3,2.45,3.25,3,2.495,3.2067,2.9967,2.37,3.36,3.27
"SP1","18/02/18","Sociedad","Levante",3,0,"H",1.57,4.2,5.75,1.6,4.1,5.5,1.6,4,5.5,1.65,4.21,5.49,1.6,4.2,5,1.6,4.3,5.75,1.6033,4.1683,5.4983,1.52,4.64,6.56
"SP1","19/02/18","Getafe","Celta",3,0,"H",2.5,3.29,2.87,2.4,3.3,3,2.3,3.3,3.15,2.49,3.42,3.02,2.5,3.2,2.88,2.45,3.4,2.9,2.44,3.3183,2.97,2.86,3.27,2.71
"SP1","21/02/18","Leganes","Real Madrid",1,3,"A",11,6,1.25,10,6,1.28,10.5,5.8,1.27,12.4,5.99,1.29,10,5.5,1.29,13,6,1.29,11.15,5.8817,1.2783,7.99,4.82,1.44
"SP1","23/02/18","La Coruna","Espanol",0,0,"D",2.54,3.2,2.87,2.55,3.1,3,2.5,3.2,2.9,2.65,3.27,2.92,2.5,3.2,2.88,2.63,3.25,2.9,2.5617,3.2033,2.9117,2.57,3.27,3.02
"SP1","24/02/18","Barcelona","Girona",6,1,"H",1.14,8,19,1.13,9.75,15.5,1.15,7.5,18,1.14,9.45,22.25,1.14,8.5,15,1.15,8.5,23,1.1417,8.6167,18.7917,1.16,8.48,20.5
"SP1","24/02/18","Celta","Eibar",2,0,"H",2,3.5,3.7,2,3.5,3.8,2,3.4,3.8,2.04,3.56,3.94,2.05,3.4,3.6,2.1,3.6,3.7,2.0317,3.4933,3.7567,2.04,3.56,3.94
"SP1","24/02/18","Leganes","Las Palmas",0,0,"D",1.8,3.5,4.75,1.83,3.4,4.75,1.85,3.5,4.3,1.85,3.52,4.93,1.85,3.4,4.4,1.87,3.5,4.8,1.8417,3.47,4.655,1.75,3.68,5.52
"SP1","24/02/18","Real Madrid","Alaves",4,0,"H",1.14,8.5,17,1.14,8.75,18,1.15,8,16,1.15,9.83,17.9,1.14,8.5,15,1.17,9,17,1.1483,8.7633,16.8167,1.19,8.35,15.5
"SP1","25/02/18","Ath Bilbao","Malaga",2,1,"H",1.75,3.5,5.25,1.7,3.6,5.5,1.65,3.8,5.3,1.72,3.66,5.8,1.67,3.6,5.5,1.7,3.6,5.4,1.6983,3.6267,5.4583,1.67,3.7,6.48
"SP1","25/02/18","Sevilla","Ath Madrid",2,5,"A",3.39,3.2,2.25,3.2,3.3,2.3,2.95,3.3,2.4,3.33,3.34,2.35,3.2,3.3,2.25,3.13,3.3,2.3,3.2,3.29,2.3083,3.29,3.26,2.41
"SP1","25/02/18","Valencia","Sociedad",2,1,"H",1.7,4,4.75,1.7,4.1,4.6,1.65,3.8,5.3,1.72,4.2,4.86,1.7,4,4.5,1.7,4.2,4.5,1.695,4.05,4.7517,1.78,4.07,4.64
"SP1","25/02/18","Villarreal","Getafe",1,0,"H",1.75,3.75,4.75,1.83,3.5,4.6,1.8,3.6,4.5,1.83,3.55,5.04,1.8,3.5,4.6,1.83,3.7,4.75,1.8067,3.6,4.7067,1.81,3.67,4.97
"SP1","26/02/18","Levante","Betis",0,2,"A",2.5,3.29,2.87,2.5,3.4,2.8,2.5,3.3,2.85,2.46,3.51,3,2.4,3.5,2.8,2.4,3.5,2.88,2.46,3.4167,2.8667,2.42,3.61,2.98
"SP1","27/02/18","Espanol","Real Madrid",1,0,"H",6,4.33,1.53,6.5,4.33,1.5,6.5,4.2,1.5,6.24,4.43,1.56,6,4.33,1.5,6,4.4,1.57,6.2067,4.3367,1.5267,5.32,4.18,1.67
"SP1","27/02/18","Girona","Celta",1,0,"H",2.29,3.5,3,2.4,3.4,2.95,2.3,3.3,3.15,2.4,3.53,3.07,2.3,3.25,3.1,2.4,3.5,3,2.3483,3.4133,3.045,2.4,3.48,3.11
"SP1","28/02/18","Ath Bilbao","Valencia",1,1,"D",2.62,3.2,2.79,2.55,3.3,2.8,2.6,3.3,2.7,2.72,3.35,2.79,2.5,3.3,2.8,2.63,3.3,2.8,2.6033,3.2917,2.78,2.47,3.25,3.19
"SP1","28/02/18","Ath Madrid","Leganes",4,0,"H",1.25,5.25,15,1.25,5.5,15,1.22,6.2,13.5,1.27,5.39,18.25,1.25,5,17,1.25,5.25,20,1.2483,5.4317,16.4583,1.26,5.5,20.05
"SP1","28/02/18","Eibar","Villarreal",1,0,"H",2.2,3.2,3.6,2.25,3.2,3.4,2.4,3.2,3.05,2.2,3.39,3.63,2.25,3.3,3.2,2.25,3.4,3.4,2.2583,3.2817,3.38,2.17,3.28,3.85
"SP1","28/02/18","Getafe","La Coruna",3,0,"H",1.9,3.39,4.33,1.91,3.4,4.25,1.8,3.6,4.5,1.91,3.54,4.56,1.85,3.4,4.4,1.93,3.5,4.4,1.8833,3.4717,4.4067,1.82,3.52,5.23
"SP1","28/02/18","Malaga","Sevilla",0,1,"A",3.5,3.2,2.14,3.4,3.4,2.15,4.1,3.5,1.9,3.53,3.41,2.23,3.3,3.3,2.2,3.4,3.3,2.25,3.5383,3.3517,2.145,3.41,3.45,2.27
"SP1","01/03/18","Alaves","Levante",1,0,"H",1.8,3.39,5,1.8,3.4,5,1.7,3.7,5,1.87,3.45,5,1.8,3.4,4.75,1.8,3.5,4.75,1.795,3.4733,4.9167,1.92,3.37,4.83
"SP1","01/03/18","Betis","Sociedad",0,0,"D",2.79,3.39,2.39,2.65,3.6,2.55,2.65,3.3,2.65,2.78,3.88,2.45,2.45,3.75,2.4,2.63,3.8,2.45,2.6583,3.62,2.4817,2.75,3.64,2.59
"SP1","01/03/18","Las Palmas","Barcelona",1,1,"D",15,7.5,1.18,12.5,7.25,1.2,13,7,1.2,14.23,7.5,1.22,13,6.5,1.2,13,7.5,1.18,13.455,7.2083,1.1967,18,9.5,1.16
"SP1","03/03/18","La Coruna","Eibar",1,1,"D",2.79,3.1,2.7,2.65,3.3,2.7,2.6,3.25,2.75,2.8,3.35,2.71,2.7,3.3,2.6,2.8,3.3,2.75,2.7233,3.2667,2.7017,3.22,3.35,2.4
"SP1","03/03/18","Leganes","Malaga",2,0,"H",2.14,2.89,4,2.15,3,4,2,3.4,3.8,2.22,3.09,3.98,2.1,3,4,2.2,3.1,4,2.135,3.08,3.9633,2.25,3.05,3.97
"SP1","03/03/18","Real Madrid","Getafe",3,1,"H",1.19,7.5,13,1.2,7,13,1.25,6,11,1.24,7,13.4,1.2,7,12,1.22,7.5,13,1.2167,7,12.5667,1.22,7.2,14.3
"SP1","03/03/18","Sevilla","Ath Bilbao",2,0,"H",1.7,3.75,5.25,1.72,3.75,5,1.7,3.7,5,1.71,3.94,5.32,1.75,3.6,4.75,1.8,3.8,4.8,1.73,3.7567,5.02,1.61,4.07,6.29
"SP1","03/03/18","Villarreal","Girona",0,2,"A",1.8,3.39,4.75,1.8,3.6,4.6,1.8,3.6,4.5,1.85,3.68,4.65,1.83,3.4,4,1.87,3.6,4.6,1.825,3.545,4.5167,1.71,3.88,5.42
"SP1","04/03/18","Barcelona","Ath Madrid",1,0,"H",1.72,3.79,4.75,1.75,3.8,4.75,1.8,3.6,4.5,1.72,3.88,5.32,1.65,3.6,4.8,1.73,3.8,5.25,1.7283,3.745,4.895,1.66,4.07,5.7
"SP1","04/03/18","Levante","Espanol",1,1,"D",3.1,3.1,2.45,3,3.1,2.55,2.7,3.1,2.75,3.14,3.19,2.54,3,3,2.5,3.13,3.2,2.5,3.0117,3.115,2.5483,3.37,2.98,2.54
"SP1","04/03/18","Sociedad","Alaves",2,1,"H",1.64,4,5.25,1.65,4,5.25,1.8,3.6,4.5,1.68,3.98,5.59,1.67,3.8,5,1.67,3.8,5.25,1.685,3.8633,5.14,1.61,4.1,6.32
"SP1","04/03/18","Valencia","Betis",2,0,"H",1.44,4.75,6.5,1.5,4.75,5.75,1.5,4.5,6,1.45,5.03,7.25,1.44,4.75,6,1.45,4.8,6.5,1.4633,4.7633,6.3333,1.53,4.67,6.37
"SP1","05/03/18","Celta","Las Palmas",2,1,"H",1.44,4.33,7,1.42,4.5,8,1.45,4.5,7,1.43,4.93,8,1.44,4.6,6.5,1.44,4.8,7,1.4367,4.61,7.25,1.36,5.35,9.5
"SP1","09/03/18","Girona","La Coruna",2,0,"H",1.55,4.2,5.5,1.62,3.9,5.75,1.6,4,5.5,1.6,4.09,6.38,1.6,4,5.5,1.61,4.2,5.75,1.5967,4.065,5.73,1.69,3.91,5.64
"SP1","10/03/18","Eibar","Real Madrid",1,2,"A",5.75,4.75,1.5,5.75,4.75,1.5,6.2,4,1.55,6.23,4.69,1.53,6,4.2,1.53,6,4.75,1.53,5.9883,4.5233,1.5233,6.58,5.02,1.48
"SP1","10/03/18","Getafe","Levante",0,1,"A",1.75,3.5,5.25,1.7,3.6,5.5,1.7,3.7,5,1.74,3.63,5.75,1.73,3.3,5.5,1.73,3.6,6,1.725,3.555,5.5,1.66,3.86,6.12
"SP1","10/03/18","Malaga","Barcelona",0,2,"A",13,6,1.25,12,6,1.25,11,6,1.25,13.92,6.14,1.27,13,5.5,1.25,13,6,1.25,12.6533,5.94,1.2533,10.3,5.22,1.36
"SP1","10/03/18","Sevilla","Valencia",0,2,"A",2,3.5,3.79,2.05,3.5,3.6,2.2,3.5,3.15,2.07,3.68,3.7,2.1,3.4,3.4,2.05,3.6,3.6,2.0783,3.53,3.54,2.04,3.69,3.78
"SP1","11/03/18","Ath Bilbao","Leganes",2,0,"H",1.9,3.29,4.5,1.91,3.2,4.6,1.9,3.5,4.1,1.94,3.27,4.91,1.95,3.2,4.33,1.91,3.25,4.6,1.9183,3.285,4.5067,1.85,3.29,5.55
"SP1","11/03/18","Ath Madrid","Celta",3,0,"H",1.39,4.75,8,1.4,4.6,8.5,1.4,4.8,7.5,1.43,4.73,8.57,1.4,4.5,8,1.44,4.75,8.5,1.41,4.6883,8.1783,1.33,5.35,11.65
"SP1","11/03/18","Espanol","Sociedad",2,1,"H",2.87,3.1,2.62,2.7,3.2,2.7,2.6,3.3,2.7,2.82,3.33,2.7,2.7,3.1,2.7,2.8,3.4,2.63,2.7483,3.2383,2.675,3.21,3.21,2.48
"SP1","11/03/18","Las Palmas","Villarreal",0,2,"A",3.5,3.5,2.1,3.4,3.4,2.15,3.15,3.3,2.3,3.67,3.45,2.16,3.3,3.3,2.2,3.5,3.5,2.1,3.42,3.4083,2.1683,3.47,3.64,2.16
"SP1","12/03/18","Alaves","Betis",1,3,"A",2.14,3.29,3.6,2.15,3.4,3.4,2.2,3.35,3.3,2.16,3.46,3.66,2.15,3.3,3.4,2.15,3.4,3.4,2.1583,3.3667,3.46,2.25,3.42,3.46
"SP1","16/03/18","Levante","Eibar",2,1,"H",3.2,3.2,2.37,3.2,3.25,2.35,2.95,3.2,2.5,3.21,3.31,2.43,3.1,3.1,2.4,3.2,3.3,2.4,3.1433,3.2267,2.4083,3.43,3.39,2.28
"SP1","17/03/18","Betis","Espanol",3,0,"H",2.2,3.39,3.29,2.25,3.25,3.4,2.1,3.4,3.5,2.27,3.39,3.45,2.25,3.3,3.2,2.25,3.4,3.4,2.22,3.355,3.3733,2.29,3.32,3.48
"SP1","17/03/18","La Coruna","Las Palmas",1,1,"D",1.72,3.75,5,1.75,3.7,4.75,1.8,3.6,4.5,1.77,3.88,4.95,1.73,3.8,4.5,1.75,3.8,4.8,1.7533,3.755,4.75,1.7,3.94,5.45
"SP1","17/03/18","Sociedad","Getafe",1,2,"A",1.72,3.6,5.25,1.7,3.7,5.25,1.75,3.6,4.8,1.75,3.92,5.01,1.7,3.75,4.8,1.75,3.9,5,1.7283,3.745,5.0183,1.76,3.7,5.37
"SP1","17/03/18","Valencia","Alaves",3,1,"H",1.44,4.5,7.5,1.45,4.33,7.75,1.4,4.8,7.5,1.47,4.64,7.73,1.44,4.4,7,1.45,4.6,7.5,1.4417,4.545,7.4967,1.48,4.51,7.74
"SP1","18/03/18","Barcelona","Ath Bilbao",2,0,"H",1.16,8,15,1.15,8,19,1.17,7.5,15,1.16,8.49,21.78,1.14,7.5,19,1.13,8,29,1.1517,7.915,19.7967,1.17,8.35,21
"SP1","18/03/18","Celta","Malaga",0,0,"D",1.44,4.5,7,1.45,4.6,7,1.4,4.8,7.5,1.53,4.29,7.35,1.5,4.2,6.5,1.5,4.2,7,1.47,4.4317,7.0583,1.58,4.12,6.76
"SP1","18/03/18","Leganes","Sevilla",2,1,"H",3.7,3.29,2.1,3.7,3.3,2.1,3.15,3.3,2.3,3.71,3.37,2.18,3.5,3.25,2.15,3.7,3.3,2.2,3.5767,3.3017,2.1717,3.88,3.4,2.12
"SP1","18/03/18","Real Madrid","Girona",6,3,"H",1.16,7.5,17,1.18,7.75,14,1.2,7,12.5,1.21,8.32,12.98,1.18,7,13,1.18,8,13,1.185,7.595,13.7467,1.16,9.46,16.75
"SP1","18/03/18","Villarreal","Ath Madrid",2,1,"H",4.2,3.1,2.04,3.9,3.25,2.05,3.8,3.4,2,4.14,3.39,2.05,3.8,3.1,2.1,4,3.3,2,3.9733,3.2567,2.04,3.92,3.37,2.11
"SP1","31/03/18","Ath Bilbao","Celta",1,1,"D",2.04,3.29,3.6,2.1,3.25,3.5,2.1,3.4,3.5,2.09,3.53,3.81,2.05,3.3,3.6,2.05,3.4,3.75,2.0717,3.3617,3.6267,2.25,3.42,3.47
"SP1","31/03/18","Girona","Levante",1,1,"D",1.57,3.79,6,1.62,3.7,5.5,1.65,3.8,5.3,1.62,4.02,6.27,1.62,3.6,6,1.62,3.8,6,1.6167,3.785,5.845,1.64,3.94,6.26
"SP1","31/03/18","Las Palmas","Real Madrid",0,3,"A",10,6,1.25,8.75,6.25,1.26,7.5,6,1.33,10.16,6.7,1.28,9,6,1.29,10,6.5,1.25,9.235,6.2417,1.2767,8.9,6.15,1.33
"SP1","31/03/18","Sevilla","Barcelona",2,2,"D",4.75,4,1.66,4.75,3.9,1.67,5,4,1.65,4.89,4.04,1.75,4.5,3.8,1.73,4.4,4,1.75,4.715,3.9567,1.7017,4.64,4.02,1.78
"SP1","01/04/18","Ath Madrid","La Coruna",1,0,"H",1.22,5.75,13,1.22,5.75,14,1.2,6.5,15,1.26,6.22,14.32,1.22,5.5,13,1.25,6,13,1.2283,5.9533,13.72,1.36,5.13,10.39
"SP1","01/04/18","Eibar","Sociedad",0,0,"D",2.37,3.39,2.87,2.35,3.4,2.85,2.3,3.3,3.15,2.39,3.45,3.16,2.38,3.4,2.9,2.38,3.4,3,2.3617,3.39,2.9883,2.34,3.41,3.28
"SP1","01/04/18","Espanol","Alaves",0,0,"D",2.04,3.2,3.75,2,3.2,3.9,2.2,3.2,3.5,2.03,3.25,4.46,2.05,3.1,4,2,3.25,4.1,2.0533,3.2,3.9517,1.91,3.32,4.66
"SP1","01/04/18","Leganes","Valencia",0,1,"A",3.75,3.39,2,3.8,3.25,2,3.8,3.4,2,3.95,3.41,2.09,3.75,3.25,2.05,3.75,3.4,2.05,3.8,3.35,2.0317,3.78,3.3,2.18
"SP1","01/04/18","Malaga","Villarreal",1,0,"H",3.5,3.2,2.14,3.2,3.2,2.25,3.3,3.35,2.2,3.72,3.33,2.19,3.4,3.25,2.15,3.5,3.3,2.15,3.4367,3.2717,2.18,4.38,3.49,1.96
"SP1","02/04/18","Getafe","Betis",0,1,"A",1.95,3.5,3.75,2,3.25,3.8,2,3.4,3.8,2.05,3.55,3.89,2,3.4,3.8,2,3.5,3.7,2,3.4333,3.79,2.22,3.38,3.59
"SP1","06/04/18","La Coruna","Malaga",3,2,"H",2.04,3.29,3.79,2.05,3.3,3.8,2,3.4,3.8,2.09,3.36,4.01,2,3.25,4,2.05,3.4,4,2.0383,3.3333,3.9,2.04,3.36,4.22
"SP1","07/04/18","Alaves","Getafe",2,0,"H",2.45,3,3.2,2.4,3.1,3.2,2.4,3.15,3.1,2.55,3.02,3.31,2.38,3,3.3,2.5,3.1,3.25,2.4467,3.0617,3.2267,2.69,3.04,3.09
"SP1","07/04/18","Barcelona","Leganes",3,1,"H",1.12,9,21,1.13,8.5,21,1.12,9,20,1.12,10.05,28.06,1.14,7,26,1.13,9,26,1.1267,8.7583,23.6767,1.12,10.07,28.47
"SP1","07/04/18","Betis","Eibar",2,0,"H",2.25,3.39,3.25,2.25,3.3,3.3,2.2,3.35,3.3,2.28,3.43,3.39,2.2,3.3,3.3,2.3,3.4,3.3,2.2467,3.3617,3.3067,2.29,3.58,3.23
"SP1","07/04/18","Celta","Sevilla",4,0,"H",2.2,3.39,3.29,2.15,3.5,3.3,2.2,3.35,3.3,2.23,3.53,3.42,2.2,3.3,3.3,2.25,3.5,3.3,2.205,3.4283,3.3183,2.26,3.73,3.19
"SP1","08/04/18","Levante","Las Palmas",2,1,"H",1.9,3.6,4,1.9,3.5,4.25,1.9,3.5,4.1,1.89,3.72,4.39,1.91,3.5,4,1.93,3.6,4.33,1.905,3.57,4.1783,1.79,3.82,4.85
"SP1","08/04/18","Real Madrid","Ath Madrid",1,1,"D",1.75,3.75,4.75,1.75,3.8,4.75,1.8,3.6,4.5,1.71,3.91,5.31,1.73,3.5,5,1.7,3.9,4.8,1.74,3.7433,4.8517,1.81,3.78,4.77
"SP1","08/04/18","Sociedad","Girona",5,0,"H",1.9,3.6,4,1.83,3.9,4.1,1.85,3.5,4.3,1.93,3.79,4.13,1.83,3.5,4.33,1.87,3.75,4,1.8683,3.6733,4.1433,2.09,3.51,3.82
"SP1","08/04/18","Valencia","Espanol",1,0,"H",1.5,4.33,6.5,1.48,4.4,6.75,1.5,4.2,6.5,1.51,4.34,7.72,1.44,4,8,1.5,4.2,7,1.4883,4.245,7.0783,1.44,4.58,8.81
"SP1","09/04/18","Villarreal","Ath Bilbao",1,3,"A",1.85,3.5,4.5,1.91,3.5,4.1,1.85,3.5,4.3,1.89,3.47,4.8,1.85,3.4,4.33,1.83,3.5,4.6,1.8633,3.4783,4.4383,1.96,3.42,4.48
"SP1","13/04/18","Girona","Betis",0,1,"A",2.29,3.39,3.1,2.35,3.4,3,2.3,3.3,3.15,2.39,3.45,3.16,2.38,3.4,2.9,2.45,3.5,3,2.36,3.4067,3.0517,2.15,3.48,3.67
"SP1","14/04/18","Ath Bilbao","La Coruna",2,3,"A",1.66,3.75,5.5,1.67,3.75,5.5,1.7,3.8,4.9,1.69,3.88,5.68,1.67,3.5,5.5,1.67,3.8,6,1.6767,3.7467,5.5133,1.63,4.15,5.81
"SP1","14/04/18","Barcelona","Valencia",2,1,"H",1.28,6,9.5,1.3,5.75,9,1.33,5.3,8.7,1.32,6.05,9.95,1.3,5.5,9,1.3,6,10.5,1.305,5.7667,9.4417,1.31,5.95,10.45
"SP1","14/04/18","Las Palmas","Sociedad",0,1,"A",3.79,3.6,1.95,3.7,3.6,2,3.95,3.45,1.95,3.69,3.75,2.03,3.75,3.4,2,3.7,3.8,2.05,3.7633,3.6,1.9967,4.17,4,1.87
"SP1","14/04/18","Leganes","Celta",1,0,"H",3.1,3.2,2.39,3.3,3.1,2.35,2.95,3.3,2.4,3.33,3.24,2.4,3.1,3.1,2.4,3.2,3.25,2.45,3.1633,3.1983,2.3983,3.22,3.1,2.56
"SP1","14/04/18","Sevilla","Villarreal",2,2,"D",1.8,3.75,4.5,1.83,3.7,4.25,1.9,3.5,4.1,1.83,3.85,4.61,1.91,3.4,4,1.87,3.8,4.33,1.8567,3.6667,4.2983,1.69,4.2,5.11
"SP1","15/04/18","Ath Madrid","Levante",3,0,"H",1.22,6,15,1.22,6.25,15,1.22,6.2,13.5,1.24,6.15,18,1.25,5.5,12,1.25,6,18,1.2333,6.0167,15.25,1.28,5.5,16.4
"SP1","15/04/18","Eibar","Alaves",0,1,"A",1.83,3.39,4.75,1.83,3.3,5,1.85,3.5,4.3,1.83,3.44,5.27,1.83,3.2,4.8,1.83,3.5,5,1.8333,3.3883,4.8533,2.01,3.32,4.45
"SP1","15/04/18","Getafe","Espanol",1,0,"H",2.14,3.1,3.75,2.2,3.1,3.7,2.2,3.1,3.6,2.17,3.11,4.14,2.15,3,3.75,2.1,3.13,3.9,2.16,3.09,3.8067,2.18,3.14,4.04
"SP1","15/04/18","Malaga","Real Madrid",1,2,"A",10,5.5,1.28,10.5,5.75,1.28,10.5,5.8,1.27,10.76,5.93,1.31,9.5,5.5,1.3,10,5.75,1.29,10.21,5.705,1.2883,9.44,5.62,1.35
"SP1","17/04/18","Celta","Barcelona",2,2,"D",4.75,4.33,1.64,4.75,4.2,1.65,4.5,4.1,1.7,4.9,4.31,1.7,4.75,4,1.67,4.8,4.33,1.7,4.7417,4.2117,1.6767,3.6,3.89,2.04
"SP1","17/04/18","La Coruna","Sevilla",0,0,"D",2.5,3.5,2.75,2.5,3.6,2.7,2.65,3.4,2.6,2.53,3.72,2.77,2.5,3.6,2.6,2.5,3.7,2.8,2.53,3.5867,2.7033,2.28,3.73,3.14
"SP1","17/04/18","Villarreal","Leganes",2,1,"H",1.6,3.79,6.5,1.57,3.8,6.5,1.55,4,6.2,1.64,3.89,6.38,1.57,3.75,6,1.62,3.9,6.25,1.5917,3.855,6.305,1.56,4.01,7.32
"SP1","18/04/18","Espanol","Eibar",0,1,"A",2.29,3.1,3.39,2.35,3.1,3.3,2.3,3.05,3.4,2.38,3.15,3.49,2.4,3.1,3.1,2.38,3.2,3.4,2.35,3.1167,3.3467,1.99,3.25,4.65
"SP1","18/04/18","Real Madrid","Ath Bilbao",1,1,"D",1.19,7,12,1.22,6.75,11.5,1.27,6.5,9,1.24,7.2,12.75,1.25,6,11,1.22,7,13,1.2317,6.7417,11.5417,1.18,8.55,15.8
"SP1","18/04/18","Valencia","Getafe",1,2,"A",1.44,4,8,1.48,4.1,7.5,1.5,4.2,6.5,1.49,4.45,7.79,1.5,4,7,1.5,4.4,8,1.485,4.1917,7.465,1.64,3.79,6.65
"SP1","19/04/18","Alaves","Girona",1,2,"A",2.37,3.1,3.29,2.45,3.1,3.1,2.3,3.3,3.15,2.44,3.18,3.33,2.4,3.1,3.1,2.38,3.25,3.13,2.39,3.1717,3.1833,2,3.43,4.27
"SP1","19/04/18","Betis","Las Palmas",1,0,"H",1.36,5.25,7.5,1.36,5.25,8,1.4,5,7,1.38,5.5,8.45,1.36,5.5,7,1.33,5.5,8,1.365,5.3333,7.6583,1.34,5.65,9.4
"SP1","19/04/18","Levante","Malaga",1,0,"H",1.85,3.5,4.5,1.83,3.4,4.75,1.7,3.8,4.8,1.85,3.56,4.92,1.85,3.4,4.5,1.83,3.5,4.6,1.8183,3.5267,4.6783,1.96,3.45,4.45
"SP1","19/04/18","Sociedad","Ath Madrid",3,0,"H",3.29,3.29,2.25,3.3,3.3,2.25,3.3,3.35,2.2,3.36,3.38,2.32,3.3,3.2,2.25,3.25,3.4,2.25,3.3,3.32,2.2533,3.04,3.32,2.53
"SP1","20/04/18","Leganes","La Coruna",0,0,"D",2.29,3.25,3.2,2.45,3.25,3,2.5,3.1,3,2.49,3.27,3.14,2.38,3.2,3.1,2.45,3.25,3.2,2.4267,3.22,3.1067,2.42,3.26,3.27
"SP1","21/04/18","Celta","Valencia",1,1,"D",2.7,3.39,2.6,2.6,3.4,2.7,2.65,3.3,2.65,2.74,3.46,2.7,2.62,3.4,2.62,2.7,3.5,2.7,2.6683,3.4083,2.6617,2.64,3.59,2.72
"SP1","21/04/18","Eibar","Getafe",0,1,"A",2.04,3.2,4,2.1,3.2,3.8,2.1,3.4,3.5,2.14,3.24,4,2.15,3,3.8,2.15,3.2,4,2.1133,3.2067,3.85,2.23,3,4.1
"SP1","22/04/18","Ath Madrid","Betis",0,0,"D",1.61,3.75,6,1.62,3.8,6,1.6,4,5.5,1.63,3.93,6.36,1.62,3.75,5.5,1.62,3.9,5.75,1.6167,3.855,5.8517,1.58,3.89,7.26
"SP1","22/04/18","Girona","Espanol",0,2,"A",2.14,3.25,3.6,2.1,3.3,3.7,1.9,3.3,4.4,2.12,3.28,4.04,2.05,3.25,3.75,2.15,3.3,3.9,2.0767,3.28,3.8983,2.14,3.1,4.24
"SP1","22/04/18","Las Palmas","Alaves",0,4,"A",3.1,3.2,2.39,3.1,3.3,2.35,3.15,3.3,2.3,3.17,3.34,2.44,3.1,3.3,2.3,3.1,3.3,2.38,3.12,3.29,2.36,3.09,3.46,2.42
"SP1","22/04/18","Malaga","Sociedad",2,0,"H",5.25,3.6,1.72,5.25,3.5,1.75,4.8,3.6,1.75,5.55,3.63,1.76,5,3.6,1.73,4.8,3.7,1.75,5.1083,3.605,1.7433,4.35,3.46,1.98
"SP1","23/04/18","Ath Bilbao","Levante",1,3,"A",1.66,3.75,5.5,1.7,3.7,5.25,1.7,3.7,5,1.68,3.7,6.32,1.73,3.6,5,1.65,3.75,5.75,1.6867,3.7,5.47,1.71,3.77,5.68
"SP1","27/04/18","Levante","Sevilla",2,1,"H",4.5,3.6,1.75,4,3.75,1.87,3.6,3.6,2,4.31,3.87,1.87,4,3.75,1.85,4.33,3.8,1.85,4.1233,3.7283,1.865,4.13,3.95,1.88
"SP1","28/04/18","Espanol","Las Palmas",1,1,"D",1.36,4.75,9.5,1.42,4.33,8.5,1.4,4.8,7.5,1.4,4.84,9.81,1.4,4.33,8.5,1.4,4.8,9.5,1.3967,4.6417,8.885,1.43,4.66,8.81
"SP1","28/04/18","Real Madrid","Leganes",2,1,"H",1.3,5.5,10,1.3,5.5,9.75,1.35,5.5,7,1.3,5.91,11.18,1.3,5,10,1.3,5.75,11,1.3083,5.5267,9.8217,1.46,4.7,7.97
"SP1","28/04/18","Sociedad","Ath Bilbao",3,1,"H",1.85,3.6,4.33,1.87,3.6,4.25,2,3.4,3.8,1.88,3.69,4.48,1.91,3.3,4.2,1.87,3.7,4.4,1.8967,3.5483,4.2433,1.9,3.7,4.36
"SP1","28/04/18","Villarreal","Celta",4,1,"H",1.72,3.75,5,1.75,3.7,4.75,1.7,3.7,5,1.75,3.88,5.1,1.73,3.5,5,1.73,4,5,1.73,3.755,4.975,1.72,4.01,5.14
"SP1","29/04/18","Alaves","Ath Madrid",0,1,"A",3.29,3.1,2.37,3.4,3.2,2.25,3.25,3.2,2.3,3.5,3.19,2.35,3.25,3,2.4,3.4,3.13,2.4,3.3483,3.1367,2.345,3.69,3.35,2.2
"SP1","29/04/18","Getafe","Girona",1,1,"D",2.1,3.1,4,2.05,3.25,4,2,3.4,3.8,2.08,3.36,4.04,2.1,3.1,3.8,2.1,3.3,4,2.0717,3.2517,3.94,1.96,3.36,4.6
"SP1","29/04/18","La Coruna","Barcelona",2,4,"A",12,6,1.25,9.5,6,1.28,9.5,5.5,1.3,11.81,6.38,1.28,9,5.5,1.3,11,6.25,1.25,10.4683,5.9383,1.2767,14.9,7.17,1.22
"SP1","29/04/18","Valencia","Eibar",0,0,"D",1.5,4,7.5,1.5,4.2,6.75,1.5,4.2,6.5,1.5,4.56,7.22,1.53,4,7,1.5,4.33,6.5,1.505,4.215,6.9117,1.54,4.05,7.7
"SP1","30/04/18","Betis","Malaga",2,1,"H",1.44,4.5,7.5,1.36,5,9,1.4,4.8,7.5,1.41,4.98,8.81,1.44,4.33,7.5,1.4,4.75,8,1.4083,4.7267,8.0517,1.47,4.69,7.58
"SP1","04/05/18","Sevilla","Sociedad",1,0,"H",2.1,3.79,3.1,2.1,3.5,3.5,2,3.6,3.6,2.21,3.54,3.38,2.1,3.5,3.25,2.25,3.5,3.13,2.1267,3.5717,3.3267,2.16,3.68,3.44
"SP1","05/05/18","Ath Bilbao","Betis",2,0,"H",2.25,3.29,3.29,2.2,3.4,3.3,2.3,3.4,3.05,2.37,3.3,3.34,2.25,3.2,3.2,2.38,3.4,3.2,2.2917,3.3317,3.23,2.13,3.67,3.53
"SP1","05/05/18","Celta","La Coruna",1,1,"D",1.61,4,5.5,1.6,4.2,5.25,1.55,4,6.2,1.66,4.38,5.18,1.62,4,5,1.65,4.3,5.25,1.615,4.1467,5.3967,1.82,3.95,4.49
"SP1","05/05/18","Girona","Eibar",1,4,"A",2.1,3.29,3.75,2.05,3.3,3.9,2,3.4,3.8,2.11,3.4,3.89,2.1,3.2,3.6,2.1,3.4,3.8,2.0767,3.3317,3.79,2.16,3.42,3.71
"SP1","05/05/18","Villarreal","Valencia",1,0,"H",2.25,3.39,3.2,2.25,3.4,3.2,2.1,3.4,3.5,2.27,3.44,3.39,2.2,3.2,3.4,2.3,3.5,3.2,2.2283,3.3883,3.315,2.49,3.5,2.95
"SP1","06/05/18","Ath Madrid","Espanol",0,2,"A",1.39,4.2,10,1.36,4.6,10,1.4,4.8,7.5,1.43,4.36,10.55,1.4,4.2,9,1.4,4.6,10,1.3967,4.46,9.5083,1.56,3.7,8.44
"SP1","06/05/18","Barcelona","Real Madrid",2,2,"D",1.66,4.33,4.5,1.67,4.33,4.5,1.8,4,4,1.72,4.6,4.39,1.67,4.5,4.5,1.65,4.6,4.4,1.695,4.3933,4.3817,1.75,4.64,4.18
"SP1","06/05/18","Las Palmas","Getafe",0,1,"A",4,3.29,2,3.8,3.4,2.05,3.5,3.4,2.1,3.9,3.46,2.09,3.8,3.2,2.05,3.6,3.5,2.05,3.7667,3.375,2.0567,3.17,3.31,2.46
"SP1","06/05/18","Malaga","Alaves",0,3,"A",2.39,3.2,3.1,2.45,3.1,3.1,2.5,3.3,2.85,2.45,3.17,3.31,2.4,3.1,3.1,2.45,3.25,3.2,2.44,3.1867,3.11,2.27,3.31,3.54
"SP1","07/05/18","Leganes","Levante",0,3,"A",2.1,3.2,3.89,2.05,3.3,3.9,2.1,3.4,3.5,2.18,3.24,3.89,2.1,3.2,3.6,2.1,3.3,3.7,2.105,3.2733,3.7467,2.26,3.24,3.63
"SP1","09/05/18","Barcelona","Villarreal",5,1,"H",1.28,5.75,10,1.3,5.75,9.5,1.3,5.5,9.5,1.29,6.13,10.66,1.25,6,11,1.33,6,9.5,1.2917,5.855,10.0267,1.36,5.06,9.17
"SP1","09/05/18","Sevilla","Real Madrid",3,2,"H",2.45,3.7,2.62,2.5,3.9,2.55,2.6,3.7,2.5,2.46,3.96,2.69,2.38,3.8,2.6,2.45,3.9,2.7,2.4733,3.8267,2.61,2.14,4.16,3.15
"SP1","12/05/18","Alaves","Ath Bilbao",3,1,"H",2.5,3.29,2.89,2.55,3.25,2.85,2.5,3.2,2.9,2.62,3.18,3.04,2.6,3.1,2.8,2.6,3.3,2.9,2.5617,3.22,2.8967,2.98,3.29,2.59
"SP1","12/05/18","Betis","Sevilla",2,2,"D",2.62,3.39,2.7,2.6,3.5,2.65,2.85,3.3,2.5,2.61,3.7,2.69,2.5,3.6,2.6,2.63,3.7,2.63,2.635,3.5317,2.6283,3.01,3.73,2.36
"SP1","12/05/18","Eibar","Las Palmas",1,0,"H",1.39,4.5,9,1.4,4.75,7.75,1.5,4.2,6.5,1.41,4.92,8.91,1.4,4.33,8.5,1.4,4.8,8.5,1.4167,4.5833,8.1933,1.42,5.1,8.04
"SP1","12/05/18","Getafe","Ath Madrid",0,1,"A",2.79,3.1,2.79,2.75,3.1,2.75,2.3,3.15,3.3,2.77,3.13,2.9,2.8,2.9,2.8,2.8,3.1,2.88,2.7017,3.08,2.9033,3.72,3.04,2.34
"SP1","12/05/18","Girona","Valencia",0,1,"A",2.5,3.39,2.75,2.65,3.4,2.65,2.6,3.25,2.75,2.61,3.6,2.75,2.5,3.6,2.62,2.6,3.6,2.7,2.5767,3.4733,2.7033,2.13,3.7,3.5
"SP1","12/05/18","La Coruna","Villarreal",2,4,"A",3.5,3.6,2.04,3.6,3.5,2.05,4.1,3.5,1.9,3.8,3.69,2.04,3.5,3.3,2.1,3.7,3.7,2.05,3.7,3.5483,2.03,4.71,4.3,1.71
"SP1","12/05/18","Real Madrid","Celta",6,0,"H",1.36,5,9,1.35,5.5,8,1.3,6,9,1.34,6.13,8.06,1.36,4.8,8,1.4,5.75,7.5,1.3517,5.53,8.26,1.25,6.89,11.56
"SP1","12/05/18","Sociedad","Leganes",3,2,"H",1.44,4.2,8.5,1.42,4.4,8.25,1.45,4.7,6.5,1.45,4.71,8.19,1.44,4.33,7,1.45,4.6,8,1.4417,4.49,7.74,1.4,4.87,9.26
"SP1","13/05/18","Espanol","Malaga",4,1,"H",1.61,3.7,6.25,1.67,3.5,6,1.65,3.8,5.3,1.65,3.94,6.03,1.67,3.3,6,1.62,3.9,5.75,1.645,3.69,5.8883,1.63,3.97,6.24
"SP1","13/05/18","Levante","Barcelona",5,4,"H",10,5.25,1.3,9.25,5.75,1.3,9.5,5.5,1.3,10.34,6.15,1.31,9,5,1.33,9.5,5.75,1.3,9.5983,5.5667,1.3067,7.7,5.4,1.4
"SP1","19/05/18","Celta","Levante",4,2,"H",1.8,4,4.1,1.8,4,4.1,2,3.7,3.5,1.83,4.08,4.31,1.83,3.8,4,1.85,4.1,4.1,1.8517,3.9467,4.0183,1.6,4.68,5.33
"SP1","19/05/18","Las Palmas","Girona",1,2,"A",3.1,3.5,2.25,3,3.7,2.25,2.85,3.3,2.5,3.14,3.81,2.25,2.9,3.5,2.3,3,3.8,2.3,2.9983,3.6017,2.3083,3.44,4.01,2.06
"SP1","19/05/18","Leganes","Betis",3,2,"H",2.7,3.6,2.5,2.7,3.5,2.55,2.7,3.5,2.5,2.77,3.56,2.61,2.62,3.6,2.5,2.75,3.6,2.55,2.7067,3.56,2.535,2.41,3.76,2.9
"SP1","19/05/18","Malaga","Getafe",0,1,"A",3.3,3.3,2.25,3.1,3.5,2.25,3.15,3.5,2.2,3.26,3.6,2.27,3.2,3.3,2.25,3.3,3.4,2.3,3.2183,3.4333,2.2533,3.26,3.56,2.28
"SP1","19/05/18","Sevilla","Alaves",1,0,"H",1.4,4.75,8,1.42,5,7,1.5,4.5,6,1.43,5.22,7.32,1.44,4.5,7,1.45,5,7,1.44,4.8283,7.0533,1.32,6.09,9.47
"SP1","19/05/18","Villarreal","Real Madrid",2,2,"D",3.1,4.1,2.1,3.1,4.2,2.05,2.5,3.8,2.5,3.04,4.25,2.17,3,4.2,2.05,3.13,4.2,2.1,2.9783,4.125,2.1617,4.74,5.05,1.62
"SP1","20/05/18","Ath Bilbao","Espanol",0,1,"A",2.04,3.5,3.6,2,3.5,3.8,2,3.6,3.6,2.05,3.74,3.69,2.1,3.4,3.5,2,3.7,3.6,2.0317,3.5733,3.6317,1.95,3.77,4.05
"SP1","20/05/18","Ath Madrid","Eibar",2,2,"D",1.61,3.8,6,1.6,4,5.75,1.65,3.7,5.5,1.6,4.17,6.18,1.62,3.8,5.5,1.57,4.1,5.75,1.6083,3.9283,5.78,1.47,4.25,8.8
"SP1","20/05/18","Barcelona","Sociedad",1,0,"H",1.22,7,11,1.22,7.25,10.5,1.3,5.5,9.5,1.25,7.53,9.4,1.25,6,11,1.22,7,11,1.2433,6.7133,10.4,1.31,6.4,8.6
"SP1","20/05/18","Valencia","La Coruna",2,1,"H",1.4,4.75,8,1.36,5,8.5,1.45,4.5,7,1.36,5.56,8.97,1.36,4.5,9.5,1.4,5.4,8,1.3883,4.9517,8.3283,1.27,6.44,10.71
"SP1","17/08/2018","Betis","Levante",0,3,"A",1.66,4,5,1.7,3.7,5.25,1.75,3.6,4.9,1.69,4.19,5.11,1.67,3.9,4.75,1.67,4.2,5.2,1.69,3.9317,5.035,1.59,4.42,5.89
"SP1","17/08/2018","Girona","Valladolid",0,0,"D",1.75,3.6,5,1.75,3.5,5.25,1.8,3.6,4.5,1.8,3.7,4.99,1.75,3.6,4.6,1.8,3.7,4.8,1.775,3.6167,4.8567,1.76,3.57,5.62
"SP1","18/08/2018","Barcelona","Alaves",3,0,"H",1.11,10,21,1.11,10,20,1.12,9,20,1.11,11.27,25.4,1.08,9,29,1.1,10.5,34,1.105,9.9617,24.9,1.1,11.85,32.17
"SP1","18/08/2018","Celta","Espanol",1,1,"D",1.85,3.5,4.5,1.91,3.4,4.25,1.9,3.5,4.1,1.93,3.64,4.27,1.91,3.5,4,1.93,3.5,4.4,1.905,3.5067,4.2533,2.18,3.26,3.85
"SP1","18/08/2018","Villarreal","Sociedad",1,2,"A",2.04,3.4,3.8,2.05,3.3,3.9,2,3.4,3.8,2.06,3.51,3.91,2.05,3.3,3.6,2.05,3.5,3.9,2.0417,3.4017,3.8183,2.32,3.21,3.53
"SP1","19/08/2018","Eibar","Huesca",1,2,"A",1.66,3.75,5.5,1.7,3.7,5.25,1.7,3.75,5,1.72,3.9,5.26,1.73,3.6,4.75,1.7,3.8,5,1.7017,3.75,5.1267,1.77,3.68,5.32
"SP1","19/08/2018","Real Madrid","Getafe",2,0,"H",1.2,7,13,1.18,7.25,16,1.2,6.5,15,1.2,7.36,17.47,1.22,6,13,1.2,7,13,1.2,6.8517,14.5783,1.19,7.77,17.96
"SP1","19/08/2018","Vallecano","Sevilla",1,4,"A",3.25,3.6,2.14,3.5,3.5,2.1,3.5,3.4,2.1,3.46,3.74,2.13,3.3,3.7,2.05,3.4,3.6,2.1,3.4017,3.59,2.1033,4.57,4.07,1.78
"SP1","20/08/2018","Ath Bilbao","Leganes",2,1,"H",1.75,3.3,5.5,1.78,3.5,5,1.85,3.5,4.4,1.79,3.54,5.46,1.8,3.4,4.75,1.8,3.4,5,1.795,3.44,5.0183,1.69,3.77,5.87
"SP1","20/08/2018","Valencia","Ath Madrid",1,1,"D",3,3.2,2.5,2.85,3.25,2.55,2.85,3.2,2.55,3.12,3.18,2.57,3,3.2,2.4,3,3.2,2.45,2.97,3.205,2.5033,3.55,3.28,2.28
"SP1","24/08/2018","Getafe","Eibar",2,0,"H",1.95,3.2,4.33,1.95,3.3,4.2,2,3.2,4.2,2.01,3.35,4.43,1.95,3.1,4.33,2,3.25,4.5,1.9767,3.2333,4.3317,2.24,3.07,3.94
"SP1","24/08/2018","Leganes","Sociedad",2,2,"D",3.5,3.3,2.1,3.5,3.2,2.2,3.6,3.2,2.15,3.66,3.36,2.2,3.4,3.25,2.15,3.7,3.3,2.2,3.56,3.2683,2.1667,3.56,3.21,2.31
"SP1","25/08/2018","Alaves","Betis",0,0,"D",2.8,3.25,2.6,2.65,3.3,2.6,2.8,3.2,2.6,2.87,3.36,2.63,2.8,3.25,2.5,2.88,3.3,2.63,2.8,3.2767,2.5933,3.05,3.36,2.5
"SP1","25/08/2018","Ath Madrid","Vallecano",1,0,"H",1.16,7,21,1.17,7.25,18,1.17,7.2,18.5,1.16,8.09,24.21,1.14,7,21,1.17,7.5,23,1.1617,7.34,20.9517,1.17,7.82,22.59
"SP1","25/08/2018","Valladolid","Barcelona",0,1,"A",17,7.5,1.16,15,7,1.19,13,7,1.2,19.07,8.18,1.18,17,7.5,1.15,21,7.5,1.18,17.0117,7.4467,1.1767,18.04,7.67,1.19
"SP1","26/08/2018","Espanol","Valencia",2,0,"H",3.25,3.2,2.37,2.95,3.3,2.45,3.1,3.3,2.35,3.19,3.48,2.35,3.1,3.4,2.25,3.1,3.4,2.3,3.115,3.3467,2.345,2.9,3.34,2.62
"SP1","26/08/2018","Girona","Real Madrid",1,4,"A",8,5.5,1.36,9.25,4.75,1.36,7,5.2,1.4,8.99,5.42,1.37,7,5.5,1.36,8.5,5.5,1.33,8.1233,5.3117,1.3633,10.01,5.54,1.34
"SP1","26/08/2018","Sevilla","Villarreal",0,0,"D",1.72,4.2,4.33,1.72,3.9,4.75,1.75,3.9,4.45,1.79,3.98,4.7,1.75,3.9,4.33,1.73,3.9,4.6,1.7433,3.9633,4.5267,2.05,3.6,3.86
"SP1","27/08/2018","Ath Bilbao","Huesca",2,2,"D",1.61,3.6,6.5,1.6,3.75,6.5,1.63,3.8,5.7,1.64,3.8,6.45,1.65,3.6,5.5,1.62,3.8,6,1.625,3.725,6.1083,1.6,3.89,6.88
"SP1","27/08/2018","Levante","Celta",1,2,"A",2.4,3.25,3,2.5,3.25,2.95,2.45,3.25,2.95,2.52,3.31,3.08,2.45,3.25,2.9,2.45,3.3,3,2.4617,3.2683,2.98,2.28,3.63,3.21
"SP1","31/08/2018","Eibar","Sociedad",2,1,"H",2.75,3.25,2.62,2.75,3.2,2.65,2.95,3.2,2.5,2.8,3.31,2.73,2.7,3.25,2.62,2.8,3.3,2.7,2.7917,3.2517,2.6367,3.11,3.23,2.53
"SP1","31/08/2018","Getafe","Valladolid",0,0,"D",1.9,3.2,4.75,1.85,3.25,5,1.9,3.2,4.7,1.93,3.18,5.22,1.91,3.2,4.5,1.95,3.25,4.8,1.9067,3.2133,4.8283,2.08,3.07,4.55
"SP1","31/08/2018","Villarreal","Girona",0,1,"A",1.57,4,6,1.55,4.2,6,1.65,3.8,5.4,1.57,4.17,6.67,1.57,4,5.8,1.57,4.2,6.5,1.58,4.0617,6.0617,1.52,4.54,6.81
"SP1","01/09/2018","Celta","Ath Madrid",2,0,"H",5.5,3.4,1.75,5,3.6,1.75,4.8,3.7,1.75,4.93,3.66,1.81,4.6,3.4,1.8,5,3.6,1.8,4.9717,3.56,1.7767,5.17,3.69,1.78
"SP1","01/09/2018","Real Madrid","Leganes",4,1,"H",1.12,9,21,1.12,8.75,23,1.12,9,20,1.13,9.73,25.14,1.1,9.5,21,1.11,10,31,1.1167,9.33,23.5233,1.16,8.67,22.29
"SP1","02/09/2018","Alaves","Espanol",2,1,"H",2.9,3.1,2.54,2.85,3.1,2.65,2.7,3.1,2.8,2.93,3.16,2.71,2.88,3.2,2.5,2.9,3.1,2.6,2.86,3.1267,2.6333,3.19,3.25,2.47
"SP1","02/09/2018","Barcelona","Huesca",8,2,"H",1.08,11,29,1.06,12,36,1.07,13,26,1.09,13.22,30.82,1.05,13,34,1.06,13,41,1.0683,12.5367,32.8033,1.07,14.91,36.03
"SP1","02/09/2018","Betis","Sevilla",1,0,"H",2.8,3.5,2.45,2.8,3.5,2.45,2.8,3.4,2.5,2.77,3.87,2.46,2.7,3.5,2.5,2.7,3.75,2.4,2.7617,3.5867,2.46,2.84,3.6,2.53
"SP1","02/09/2018","Levante","Valencia",2,2,"D",3.75,3.4,2,3.7,3.3,2.1,3.4,3.3,2.2,3.61,3.59,2.13,3.4,3.6,2.05,3.6,3.6,2.1,3.5767,3.465,2.0967,3.6,3.54,2.15
"SP1","14/09/2018","Huesca","Vallecano",0,1,"A",2.14,3.5,3.4,2.1,3.6,3.4,2.2,3.55,3.2,2.26,3.57,3.3,2.2,3.5,3.1,2.2,3.7,3.3,2.1833,3.57,3.2833,2.43,3.41,3.13
"SP1","15/09/2018","Ath Bilbao","Real Madrid",1,1,"D",6,4.33,1.53,5.5,4.4,1.57,5.2,4.45,1.57,5.46,4.7,1.58,5,4.5,1.57,5.75,4.5,1.57,5.485,4.48,1.565,6.5,4.43,1.53
"SP1","15/09/2018","Ath Madrid","Eibar",1,1,"D",1.36,4.33,12,1.36,4.6,10,1.35,4.7,10,1.36,4.78,11.13,1.36,4.5,9,1.4,4.75,9.5,1.365,4.61,10.2717,1.42,4,12.96
"SP1","15/09/2018","Sociedad","Barcelona",1,2,"A",7,5.25,1.4,7,5.25,1.4,6.5,4.7,1.45,7.05,5.46,1.41,6,4.8,1.44,7.5,5.25,1.4,6.8417,5.1183,1.4167,8.62,5.22,1.38
"SP1","15/09/2018","Valencia","Betis",0,0,"D",1.75,3.75,4.75,1.75,3.9,4.5,1.7,3.75,5,1.75,4.06,4.72,1.75,3.75,4.4,1.75,3.9,4.8,1.7417,3.8517,4.695,1.7,4.22,4.95
"SP1","16/09/2018","Espanol","Levante",1,0,"H",1.72,3.6,5.25,1.78,3.5,5,1.8,3.6,4.5,1.79,3.8,4.86,1.75,3.75,4.5,1.8,3.8,4.75,1.7733,3.675,4.81,1.66,4.15,5.39
"SP1","16/09/2018","Leganes","Villarreal",0,1,"A",3,3.1,2.54,3.1,3.1,2.5,3,3.1,2.5,3.08,3.19,2.59,2.9,3.2,2.5,3.1,3.2,2.55,3.03,3.1483,2.53,2.99,3.28,2.59
"SP1","16/09/2018","Sevilla","Getafe",0,2,"A",1.55,4,7,1.53,4.1,6.5,1.57,4.05,5.9,1.56,4.18,6.65,1.57,3.9,5.8,1.57,4.1,6,1.5583,4.055,6.3083,1.65,3.91,6.04
"SP1","16/09/2018","Valladolid","Alaves",0,1,"A",2.2,3.1,3.6,2.15,3.1,3.8,2.2,3.05,3.7,2.25,3.13,3.83,2.25,2.9,3.6,2.2,3.1,3.7,2.2083,3.0633,3.705,2.19,3.15,3.97
"SP1","17/09/2018","Girona","Celta",3,2,"H",2.4,3.3,3,2.35,3.3,3.1,2.35,3.4,2.95,2.42,3.53,3.02,2.38,3.4,2.88,2.4,3.4,2.9,2.3833,3.3883,2.975,2.28,3.62,3.18
"SP1","21/09/2018","Huesca","Sociedad",0,1,"A",3.6,3.4,2.1,3.6,3.4,2.1,3.3,3.4,2.2,3.75,3.53,2.1,3.5,3.4,2.1,3.7,3.5,2.1,3.575,3.4383,2.1167,3.49,3.4,2.25
"SP1","22/09/2018","Celta","Valladolid",3,3,"D",1.75,3.5,5.25,1.67,3.75,5.5,1.73,3.65,5,1.74,3.65,5.56,1.75,3.6,4.8,1.75,3.75,5.25,1.7317,3.65,5.2267,1.76,3.54,5.56
"SP1","22/09/2018","Eibar","Leganes",1,0,"H",2.04,3.2,4,2.1,3.2,3.8,2.05,3.2,4,2.08,3.35,4.02,2.05,3.25,3.8,2.05,3.3,4.2,2.0617,3.25,3.97,2.18,3.04,4.12
"SP1","22/09/2018","Getafe","Ath Madrid",0,2,"A",5,3.3,1.8,5,3.2,1.85,5,3.2,1.85,5.22,3.32,1.86,4.75,3.3,1.83,5.2,3.3,1.87,5.0283,3.27,1.8433,6.34,3.22,1.79
"SP1","22/09/2018","Real Madrid","Espanol",1,0,"H",1.18,7,15,1.19,7.5,13.5,1.2,7,13,1.2,7.17,17.23,1.2,7,12,1.22,7,15,1.1983,7.1117,14.2883,1.27,6.39,11.1
"SP1","22/09/2018","Vallecano","Alaves",1,5,"A",2.04,3.4,3.6,2.15,3.3,3.6,2.2,3.4,3.3,2.16,3.54,3.53,2.1,3.4,3.5,2.15,3.5,3.6,2.1333,3.4233,3.5217,2.01,3.53,4.02
"SP1","23/09/2018","Barcelona","Girona",2,2,"D",1.08,11,21,1.08,11.5,26,1.1,9.1,28,1.08,13.12,36.83,1.07,11,26,1.06,12,36,1.0783,11.2867,28.9717,1.11,11.76,23.38
"SP1","23/09/2018","Betis","Ath Bilbao",2,2,"D",2.14,3.3,3.6,2.2,3.4,3.3,2.2,3.4,3.35,2.21,3.49,3.46,2.2,3.4,3.2,2.15,3.5,3.3,2.1833,3.415,3.3683,2.16,3.41,3.72
"SP1","23/09/2018","Levante","Sevilla",2,6,"A",3.5,3.6,2.04,3.4,3.4,2.15,3.3,3.65,2.1,3.34,3.7,2.17,3.2,3.7,2.1,3.3,3.8,2.15,3.34,3.6417,2.1183,3.61,4,2
"SP1","23/09/2018","Villarreal","Valencia",0,0,"D",2.25,3.25,3.3,2.35,3.4,3,2.45,3.4,2.85,2.31,3.44,3.26,2.3,3.4,3,2.3,3.5,3.2,2.3267,3.3983,3.1017,2.26,3.34,3.54
"SP1","25/09/2018","Ath Madrid","Huesca",3,0,"H",1.22,6,15,1.22,6.25,15,1.22,6.2,13.5,1.24,6.1,16.21,1.25,5.8,13,1.25,6.25,15,1.2333,6.1,14.6183,1.19,7.15,18.55
"SP1","25/09/2018","Espanol","Eibar",1,0,"H",1.9,3.3,4.5,1.91,3.3,4.4,1.95,3.2,4.4,1.96,3.33,4.63,1.95,3.3,4.2,1.95,3.3,4.6,1.9367,3.2883,4.455,1.85,3.45,5.04
"SP1","25/09/2018","Sociedad","Vallecano",2,2,"D",1.61,4,5.5,1.62,4,5.5,1.65,4,5,1.69,3.98,5.41,1.67,4,5,1.67,4.1,5.4,1.6517,4.0133,5.3017,1.66,3.98,5.66
"SP1","26/09/2018","Ath Bilbao","Villarreal",0,3,"A",2.25,3.3,3.3,2.2,3.3,3.4,2.15,3.35,3.45,2.17,3.5,3.53,2.2,3.3,3.4,2.2,3.5,3.5,2.195,3.375,3.43,2.21,3.45,3.52
"SP1","26/09/2018","Leganes","Barcelona",2,1,"H",12,6,1.25,10.5,6.25,1.26,11,6.1,1.25,12.3,6.21,1.27,9.5,6,1.29,11.5,6,1.29,11.1333,6.0933,1.2683,12.58,5.98,1.27
"SP1","26/09/2018","Sevilla","Real Madrid",3,0,"H",4.33,4.2,1.72,4.33,4.2,1.72,4.05,4.2,1.75,4.23,4.27,1.79,3.9,4.2,1.8,4.33,4.4,1.75,4.195,4.245,1.755,4.44,4.29,1.76
"SP1","26/09/2018","Valencia","Celta",1,1,"D",1.66,4,4.75,1.7,4,4.75,1.85,3.8,4,1.71,4.17,4.84,1.73,4.2,4.4,1.73,4.2,4.75,1.73,4.0617,4.5817,1.66,4.34,5.07
"SP1","27/09/2018","Alaves","Getafe",1,1,"D",2.8,3,2.75,2.8,3,2.75,2.8,2.9,2.85,2.84,3.02,2.89,2.8,3,2.8,2.8,3,2.8,2.8067,2.9867,2.8067,2.95,3.03,2.81
"SP1","27/09/2018","Girona","Betis",0,1,"A",2.5,3.3,2.87,2.55,3.4,2.75,2.5,3.4,2.8,2.55,3.54,2.82,2.5,3.5,2.75,2.5,3.5,2.75,2.5167,3.44,2.79,2.54,3.38,2.98
"SP1","27/09/2018","Valladolid","Levante",2,1,"H",2.04,3.5,3.6,2.05,3.5,3.6,2.05,3.45,3.6,2.09,3.64,3.63,2.1,3.5,3.5,2.05,3.5,3.6,2.0633,3.515,3.5883,2.07,3.69,3.66
"SP1","28/09/2018","Vallecano","Espanol",2,2,"D",2.8,3.3,2.6,2.7,3.2,2.75,2.75,3.25,2.65,2.8,3.37,2.7,2.75,3.3,2.6,2.8,3.3,2.7,2.7667,3.2867,2.6667,3.21,3.4,2.39
"SP1","29/09/2018","Barcelona","Ath Bilbao",1,1,"D",1.16,7.5,17,1.16,8,16.5,1.17,7.5,15,1.15,8.49,20.57,1.15,8.5,15,1.17,9,17,1.16,8.165,16.845,1.22,6.63,16.12
"SP1","29/09/2018","Eibar","Sevilla",1,3,"A",3.3,3.4,2.2,3.2,3.5,2.2,3.2,3.4,2.25,3.26,3.54,2.27,3.2,3.4,2.25,3.3,3.4,2.3,3.2433,3.44,2.245,3.24,3.66,2.25
"SP1","29/09/2018","Real Madrid","Ath Madrid",0,0,"D",2,3.5,3.75,2.1,3.4,3.6,2.1,3.4,3.5,2.11,3.38,3.85,2.1,3.5,3.4,2.1,3.5,3.7,2.085,3.4467,3.6333,2.24,3.35,3.57
"SP1","29/09/2018","Sociedad","Valencia",0,1,"A",2.2,3.4,3.2,2.25,3.4,3.2,2.3,3.4,3.1,2.34,3.52,3.14,2.38,3.4,3,2.38,3.5,3.1,2.3083,3.4367,3.1233,2.52,3.28,3.09
"SP1","30/09/2018","Betis","Leganes",1,0,"H",1.64,3.8,5.5,1.67,3.8,5.25,1.67,3.75,5.3,1.69,3.91,5.5,1.7,3.7,5.25,1.67,3.8,5.4,1.6733,3.7933,5.3667,1.78,3.66,5.16
"SP1","30/09/2018","Huesca","Girona",1,1,"D",2.5,3.3,2.9,2.55,3.2,2.9,2.45,3.2,3,2.52,3.34,3,2.5,3.3,2.9,2.55,3.3,3,2.5117,3.2733,2.95,2.61,3.36,2.92
"SP1","30/09/2018","Levante","Alaves",2,1,"H",2.14,3.5,3.3,2.2,3.3,3.4,2.15,3.4,3.35,2.22,3.52,3.39,2.2,3.4,3.3,2.15,3.5,3.3,2.1767,3.4367,3.34,2.14,3.62,3.55
"SP1","30/09/2018","Villarreal","Valladolid",0,1,"A",1.53,4,6.5,1.55,3.9,6.75,1.55,4.05,6.2,1.55,4.18,6.89,1.57,4,6,1.53,4.1,6.5,1.5467,4.0383,6.4733,1.51,4.34,7.32
"SP1","01/10/2018","Celta","Getafe",1,1,"D",2,3.5,3.8,2,3.3,4,2,3.35,4,2.02,3.38,4.17,2.05,3.4,3.75,1.95,3.5,3.9,2.0033,3.405,3.9367,2.31,3.26,3.46
"SP1","05/10/2018","Ath Bilbao","Sociedad",1,3,"A",2.04,3.4,3.8,2.05,3.4,3.75,2.2,3.2,3.5,2.1,3.48,3.81,2.1,3.4,3.6,2.1,3.4,3.8,2.0983,3.38,3.71,2.07,3.35,4.1
"SP1","06/10/2018","Alaves","Real Madrid",1,0,"H",9,4.75,1.36,7.75,4.75,1.4,7,4.5,1.45,8.47,5.06,1.4,7.5,5,1.4,8.5,5,1.4,8.0367,4.8433,1.4017,10.23,5.11,1.35
"SP1","06/10/2018","Getafe","Levante",0,1,"A",1.72,3.6,5.25,1.72,3.6,5.25,1.75,3.7,4.8,1.7,3.91,5.41,1.75,3.5,5,1.73,3.8,5.2,1.7283,3.685,5.1517,1.76,3.86,4.98
"SP1","06/10/2018","Girona","Eibar",2,3,"A",2.1,3.2,3.8,2.15,3.3,3.6,2.1,3.25,3.7,2.13,3.43,3.79,2.15,3.3,3.6,2.15,3.3,3.8,2.13,3.2967,3.715,2.33,3.25,3.48
"SP1","06/10/2018","Leganes","Vallecano",1,0,"H",2,3.3,4,2.1,3.25,3.75,2.1,3.3,3.6,2.1,3.42,3.9,2.1,3.25,3.75,2.15,3.3,3.8,2.0917,3.3033,3.8,2.19,3.25,3.83
"SP1","07/10/2018","Ath Madrid","Betis",1,0,"H",1.44,4,9,1.48,3.9,8.25,1.5,3.9,7.6,1.5,4,8.86,1.52,4,7,1.5,4,7.5,1.49,3.9667,8.035,1.6,3.77,7.22
"SP1","07/10/2018","Espanol","Villarreal",3,1,"H",2.25,3.2,3.4,2.25,3.2,3.4,2.3,3.2,3.3,2.34,3.25,3.46,2.35,3.2,3.2,2.3,3.2,3.3,2.2983,3.2083,3.3433,2.4,3.25,3.34
"SP1","07/10/2018","Sevilla","Celta",2,1,"H",1.53,4.33,6,1.55,4.5,5.5,1.55,4.2,5.9,1.58,4.55,5.66,1.57,4.5,5.25,1.53,4.6,5.5,1.5517,4.4467,5.635,1.47,5,6.58
"SP1","07/10/2018","Valencia","Barcelona",1,1,"D",4.75,4.2,1.64,4.6,4.1,1.7,4.6,4.3,1.65,4.98,4.16,1.7,4.5,4,1.73,4.6,4.2,1.67,4.6717,4.16,1.6817,5.74,4.05,1.65
"SP1","07/10/2018","Valladolid","Huesca",1,0,"H",1.9,3.5,4.2,1.9,3.5,4.25,1.93,3.4,4.2,1.97,3.48,4.3,1.95,3.5,4,1.93,3.5,4.4,1.93,3.48,4.225,1.93,3.55,4.43
"SP1","19/10/2018","Celta","Alaves",0,1,"A",1.66,4,5,1.75,3.75,4.75,1.85,3.5,4.4,1.72,3.93,5.2,1.73,3.8,4.8,1.73,3.9,5.25,1.74,3.8133,4.9,1.77,3.86,4.91
"SP1","20/10/2018","Barcelona","Sevilla",4,2,"H",1.33,6,7.5,1.34,6,7.25,1.35,5.8,7,1.35,6.29,7.4,1.33,5.5,8,1.33,6,8,1.3383,5.9317,7.525,1.28,6.58,9.87
"SP1","20/10/2018","Real Madrid","Levante",1,2,"A",1.14,8.5,19,1.15,8.75,16,1.17,8.3,14.5,1.15,9.03,18.28,1.15,8.5,15,1.15,9,20,1.1517,8.68,17.13,1.15,8.62,20.52
"SP1","20/10/2018","Valencia","Leganes",1,1,"D",1.5,4,7.5,1.55,4,6.5,1.65,4,5.1,1.56,4.13,6.84,1.57,3.9,6,1.55,4.1,7,1.5633,4.0217,6.49,1.62,3.72,6.96
"SP1","20/10/2018","Villarreal","Ath Madrid",1,1,"D",3.8,3.1,2.14,3.6,3.1,2.2,3.8,3.15,2.15,3.87,3.22,2.19,3.7,3.1,2.15,3.8,3.2,2.2,3.7617,3.145,2.1717,4.04,3.21,2.14
"SP1","21/10/2018","Betis","Valladolid",0,1,"A",1.61,3.8,6,1.65,3.75,5.5,1.7,3.8,4.9,1.63,4.08,5.85,1.62,3.75,5.8,1.62,4,5.5,1.6383,3.8633,5.5917,1.56,4.13,6.7
"SP1","21/10/2018","Eibar","Ath Bilbao",1,1,"D",2.7,3.2,2.75,2.75,3.1,2.75,2.7,3.1,2.75,2.79,3.21,2.82,2.75,3.1,2.75,2.75,3.13,2.75,2.74,3.14,2.7617,2.87,3.36,2.64
"SP1","21/10/2018","Huesca","Espanol",0,2,"A",3.5,3.3,2.14,3.6,3.3,2.15,3.6,3.35,2.1,3.64,3.54,2.13,3.5,3.5,2.1,3.6,3.4,2.1,3.5733,3.3983,2.12,4.07,3.43,2.05
"SP1","21/10/2018","Vallecano","Getafe",1,2,"A",2.9,3.3,2.5,2.9,3.25,2.5,2.95,3.15,2.55,3,3.26,2.61,2.9,3.2,2.55,3,3.2,2.6,2.9417,3.2267,2.5517,2.99,3.3,2.58
"SP1","22/10/2018","Sociedad","Girona",0,0,"D",1.72,3.75,5,1.67,4,5,1.7,3.8,4.9,1.68,4.16,5.12,1.7,3.75,5,1.67,3.9,5.2,1.69,3.8933,5.0367,1.82,3.69,4.83
"SP1","24/10/2018","Vallecano","Ath Bilbao",1,1,"D",3.3,3.3,2.25,3.3,3.3,2.25,3.25,3.35,2.25,3.28,3.53,2.29,3.2,3.4,2.25,3.4,3.4,2.25,3.2883,3.38,2.2567,3.3,3.51,2.28
"SP1","26/10/2018","Valladolid","Espanol",1,1,"D",3.4,3.1,2.25,3.1,3.2,2.4,2.75,3.25,2.6,3.45,3.21,2.36,3.3,3.1,2.35,3.4,3.2,2.38,3.2333,3.1767,2.39,3.61,3.19,2.3
"SP1","27/10/2018","Ath Bilbao","Valencia",0,0,"D",2.5,3.3,2.87,2.55,3.3,2.85,2.4,3.3,2.95,2.69,3.23,2.91,2.6,3.25,2.8,2.63,3.3,2.9,2.5617,3.28,2.88,2.88,3.26,2.7
"SP1","27/10/2018","Ath Madrid","Sociedad",2,0,"H",1.53,3.8,7.5,1.55,3.8,7,1.5,3.9,7.6,1.55,3.96,7.47,1.55,4,6.5,1.55,4,7.5,1.5383,3.91,7.2617,1.49,3.97,9.33
"SP1","27/10/2018","Celta","Eibar",4,0,"H",2.14,3.3,3.6,2.1,3.4,3.6,2.1,3.4,3.5,2.25,3.41,3.49,2.2,3.3,3.4,2.2,3.4,3.5,2.165,3.3683,3.515,2.24,3.48,3.44
"SP1","27/10/2018","Girona","Vallecano",2,1,"H",1.85,3.5,4.5,1.83,3.6,4.4,1.8,3.6,4.5,1.93,3.58,4.31,1.91,3.6,4,1.93,3.75,4.1,1.875,3.605,4.3017,2,3.52,4.14
"SP1","27/10/2018","Levante","Leganes",2,0,"H",2.1,3.25,3.75,2.15,3.4,3.4,2.2,3.3,3.4,2.17,3.43,3.65,2.15,3.3,3.5,2.15,3.3,3.6,2.1533,3.33,3.55,2.37,3.37,3.25
"SP1","28/10/2018","Alaves","Villarreal",2,1,"H",3,3.2,2.5,3.1,3.2,2.4,2.65,3.3,2.65,3.18,3.34,2.43,3.1,3.2,2.4,3.1,3.25,2.38,3.0217,3.2483,2.46,3.35,3.47,2.28
"SP1","28/10/2018","Barcelona","Real Madrid",5,1,"H",1.95,3.8,3.6,1.95,3.8,3.6,2.1,3.6,3.3,2,3.78,3.8,2,3.7,3.6,1.95,3.8,3.6,1.9917,3.7467,3.5833,2.06,3.72,3.69
"SP1","28/10/2018","Getafe","Betis",2,0,"H",2.4,3.1,3.25,2.4,3.1,3.2,2.4,3.05,3.25,2.48,3.12,3.32,2.4,3.1,3.2,2.45,3.1,3.3,2.4217,3.095,3.2533,2.65,3.1,3.08
"SP1","28/10/2018","Sevilla","Huesca",2,1,"H",1.22,6.5,13,1.26,5.75,12.5,1.22,6.5,12.5,1.25,6.66,12.27,1.25,5.8,12,1.22,6.5,13,1.2367,6.285,12.545,1.22,6.79,14.38
"SP1","03/11/2018","Leganes","Ath Madrid",1,1,"D",5.75,3.4,1.72,6,3.3,1.72,5.5,3.25,1.77,5.99,3.24,1.81,5.25,3.3,1.8,5.5,3.3,1.83,5.665,3.2983,1.775,6.54,3.28,1.75
"SP1","03/11/2018","Real Madrid","Valladolid",2,0,"H",1.16,8,15,1.18,7.25,15.5,1.2,7.1,13,1.2,7.28,14.98,1.18,7.5,13,1.18,8,17,1.1833,7.5217,14.7467,1.19,7.38,16.48
"SP1","03/11/2018","Valencia","Girona",0,1,"A",1.5,4,7.5,1.5,4.1,7,1.65,3.8,5.4,1.48,4.49,7.48,1.5,4.2,7,1.5,4.2,8,1.5217,4.1317,7.0633,1.48,4.41,7.81
"SP1","03/11/2018","Vallecano","Barcelona",2,3,"A",9.5,6,1.28,10,6,1.28,9.6,5.5,1.3,9.55,5.85,1.32,9,5.8,1.3,10.5,6,1.3,9.6917,5.8583,1.2967,11.04,6.77,1.26
"SP1","04/11/2018","Betis","Celta",3,3,"D",1.8,3.8,4.5,1.83,3.8,4.2,2,3.4,3.8,1.83,4.02,4.34,1.83,3.8,4.2,1.8,3.75,4.3,1.8483,3.7617,4.2233,1.77,3.86,4.91
"SP1","04/11/2018","Eibar","Alaves",2,1,"H",2.04,3.3,3.9,2.1,3.3,3.7,2.3,3.3,3.15,2.1,3.35,3.96,2.1,3.25,3.75,2.1,3.3,4,2.1233,3.3,3.7433,2.16,3.37,3.75
"SP1","04/11/2018","Huesca","Getafe",1,1,"D",3.6,3.3,2.1,3.6,3.25,2.15,3.6,3.1,2.2,3.65,3.22,2.27,3.5,3.2,2.2,3.6,3.13,2.2,3.5917,3.2,2.1867,3.87,3.25,2.17
"SP1","04/11/2018","Sociedad","Sevilla",0,0,"D",2.75,3.5,2.45,2.85,3.5,2.4,2.85,3.55,2.4,2.76,3.61,2.6,2.75,3.5,2.5,2.7,3.6,2.5,2.7767,3.5433,2.475,2.58,3.58,2.79
"SP1","04/11/2018","Villarreal","Levante",1,1,"D",1.55,4,6,1.57,4.2,5.75,1.7,3.8,5,1.63,4.1,5.83,1.62,4.2,5.25,1.57,4.2,5.75,1.6067,4.0833,5.5967,1.72,4,5.06
"SP1","05/11/2018","Espanol","Ath Bilbao",1,0,"H",2,3.3,4,1.95,3.3,4.2,1.97,3.35,4.05,2.02,3.43,4.18,2,3.4,3.9,2,3.4,4,1.99,3.3633,4.055,1.92,3.46,4.61
"SP1","09/11/2018","Levante","Sociedad",1,3,"A",2.62,3.4,2.62,2.65,3.4,2.65,2.65,3.4,2.65,2.76,3.38,2.73,2.63,3.3,2.7,2.75,3.4,2.7,2.6767,3.38,2.675,2.95,3.38,2.56
"SP1","10/11/2018","Ath Madrid","Ath Bilbao",3,2,"H",1.44,4,9,1.45,4,9,1.45,4.3,7.5,1.47,4.13,9.27,1.47,4,8.5,1.5,4,9,1.4633,4.0717,8.7117,1.59,3.53,8.51
"SP1","10/11/2018","Getafe","Valencia",0,1,"A",2.75,3.1,2.75,2.8,3.1,2.7,2.7,3.2,2.7,2.91,3.1,2.78,2.75,3.1,2.75,2.9,3.1,2.75,2.8017,3.1167,2.7383,3.08,3.08,2.66
"SP1","10/11/2018","Girona","Leganes",0,0,"D",2.04,3.2,3.75,2.15,3.2,3.7,2.15,3.15,3.65,2.23,3.27,3.69,2.15,3.25,3.6,2.2,3.3,3.7,2.1533,3.2283,3.6817,2.27,3.19,3.68
"SP1","10/11/2018","Valladolid","Eibar",0,0,"D",2.3,3.3,3.25,2.3,3.25,3.25,2.3,3.2,3.25,2.43,3.29,3.24,2.3,3.25,3.25,2.38,3.3,3.25,2.335,3.265,3.2483,2.55,3.11,3.22
"SP1","11/11/2018","Alaves","Huesca",2,1,"H",1.8,3.6,4.33,1.83,3.5,4.6,1.7,3.8,5,1.88,3.47,4.83,1.85,3.5,4.5,1.87,3.6,4.6,1.8217,3.5783,4.6433,2.15,3.17,4.08
"SP1","11/11/2018","Barcelona","Betis",3,4,"A",1.18,7,13,1.19,7.25,14,1.2,7,13,1.22,7.23,13.06,1.18,7.5,13,1.18,7.5,13,1.1917,7.2467,13.1767,1.19,7.71,15
"SP1","11/11/2018","Celta","Real Madrid",2,4,"A",5,4.5,1.55,5,4.33,1.62,4.8,4.2,1.65,5.02,4.63,1.63,4.8,4.6,1.6,5.2,4.75,1.55,4.97,4.5017,1.6,5.15,4.64,1.61
"SP1","11/11/2018","Sevilla","Espanol",2,1,"H",1.75,3.6,4.5,1.75,3.7,4.75,1.8,3.6,4.5,1.81,3.7,4.91,1.8,3.8,4.33,1.8,3.8,4.4,1.785,3.7,4.565,1.9,3.7,4.34
"SP1","11/11/2018","Vallecano","Villarreal",2,2,"D",3.1,3.4,2.25,3.1,3.4,2.3,3.05,3.3,2.35,3.17,3.56,2.34,3.1,3.4,2.3,3.13,3.5,2.25,3.1083,3.4267,2.2983,3.26,3.78,2.2
"SP1","23/11/2018","Leganes","Alaves",1,0,"H",2.2,3.1,3.6,2.2,3.1,3.6,2.3,3.2,3.3,2.29,3.14,3.68,2.2,3.1,3.7,2.3,3.13,3.6,2.2483,3.1283,3.58,2.22,3.1,3.97
"SP1","24/11/2018","Ath Madrid","Barcelona",1,1,"D",3,3.3,2.37,3.1,3.3,2.35,3.3,3.2,2.3,3.1,3.33,2.49,3.1,3.2,2.4,3,3.4,2.45,3.1,3.2883,2.3933,3.1,3.34,2.48
"SP1","24/11/2018","Eibar","Real Madrid",3,0,"H",6,4.33,1.53,6,4.4,1.53,5.5,4.65,1.53,5.96,4.55,1.56,5.8,4.5,1.52,6,4.6,1.55,5.8767,4.505,1.5367,7.04,4.92,1.46
"SP1","24/11/2018","Huesca","Levante",2,2,"D",2.25,3.4,3.25,2.3,3.4,3.1,2.2,3.35,3.35,2.27,3.39,3.44,2.3,3.4,3.1,2.25,3.4,3.4,2.2617,3.39,3.2733,2.31,3.4,3.36
"SP1","24/11/2018","Valencia","Vallecano",3,0,"H",1.44,4.5,7.5,1.45,4.75,6.5,1.5,4.25,6.6,1.43,4.73,8.1,1.42,4.5,8,1.45,4.8,7.5,1.4483,4.5883,7.3667,1.43,4.59,8.86
"SP1","25/11/2018","Ath Bilbao","Getafe",1,1,"D",2.04,3.3,3.9,2.1,3.25,3.8,2.05,3.2,3.9,2.11,3.37,3.9,2.05,3.25,3.9,2.1,3.3,4,2.075,3.2783,3.9,2.29,3.2,3.62
"SP1","25/11/2018","Espanol","Girona",1,3,"A",1.66,3.6,5.75,1.62,3.7,6,1.7,3.7,5.1,1.68,3.85,5.8,1.65,3.5,6,1.62,3.8,5.75,1.655,3.6917,5.7333,1.66,3.75,6.24
"SP1","25/11/2018","Sevilla","Valladolid",1,0,"H",1.4,4.75,8,1.36,5.25,7.75,1.4,5,7.4,1.38,5.34,8.1,1.36,5,8.5,1.36,5,8,1.3767,5.0567,7.9583,1.4,4.89,8.83
"SP1","25/11/2018","Villarreal","Betis",2,1,"H",2.14,3.4,3.4,2.15,3.5,3.3,2.2,3.3,3.4,2.25,3.59,3.32,2.2,3.5,3.25,2.2,3.5,3.25,2.19,3.465,3.32,2.12,3.55,3.67
"SP1","26/11/2018","Sociedad","Celta",2,1,"H",1.85,3.75,4.2,1.85,3.6,4.33,1.9,3.6,4,1.83,3.91,4.47,1.8,3.8,4.33,1.83,3.8,4.2,1.8433,3.7433,4.255,1.9,3.75,4.28
"SP1","30/11/2018","Vallecano","Eibar",1,0,"H",3.1,3.3,2.3,3,3.3,2.4,2.95,3.2,2.5,3.09,3.54,2.39,3,3.4,2.35,3.1,3.5,2.38,3.04,3.3733,2.3867,2.95,3.4,2.55
"SP1","01/12/2018","Celta","Huesca",2,0,"H",1.64,4,5,1.65,3.9,5.25,1.65,3.8,5.4,1.74,3.87,5.17,1.7,3.8,5,1.73,4,5,1.685,3.895,5.1367,1.67,3.99,5.54
"SP1","01/12/2018","Getafe","Espanol",3,0,"H",2.4,2.87,3.4,2.4,3,3.3,2.45,3,3.2,2.42,3.09,3.47,2.38,3,3.4,2.38,3.1,3.5,2.405,3.01,3.3783,2.48,3.13,3.31
"SP1","01/12/2018","Real Madrid","Valencia",2,0,"H",1.44,4.75,7,1.45,4.75,6.5,1.5,4.8,5.6,1.47,4.84,6.99,1.44,4.6,7,1.45,4.8,7,1.4583,4.7567,6.6817,1.62,4.16,5.85
"SP1","01/12/2018","Valladolid","Leganes",2,4,"A",2.37,3.1,3.3,2.35,3.1,3.3,2.4,3,3.3,2.46,3.02,3.48,2.38,3,3.4,2.4,3.1,3.4,2.3933,3.0533,3.3633,2.43,3.09,3.46
"SP1","02/12/2018","Alaves","Sevilla",1,1,"D",3.6,3.6,2,3.6,3.5,2.05,3.4,3.5,2.1,3.79,3.69,2.03,3.7,3.6,2,3.6,3.7,2,3.615,3.5983,2.03,3.72,3.48,2.13
"SP1","02/12/2018","Barcelona","Villarreal",2,0,"H",1.25,6.5,11,1.22,6.75,11.5,1.25,6.5,10,1.25,6.9,11.47,1.22,6.5,13,1.22,6.5,13,1.235,6.6083,11.6617,1.24,6.89,12.49
"SP1","02/12/2018","Betis","Sociedad",1,0,"H",2.2,3.3,3.4,2.25,3.25,3.4,2.1,3.4,3.5,2.32,3.3,3.44,2.25,3.1,3.5,2.3,3.3,3.3,2.2367,3.275,3.4233,1.85,3.76,4.5
"SP1","02/12/2018","Girona","Ath Madrid",1,1,"D",5.5,3.4,1.75,5.5,3.4,1.75,5.1,3.3,1.8,5.64,3.42,1.79,5.5,3.4,1.75,5.5,3.4,1.8,5.4567,3.3867,1.7733,5.52,3.38,1.81
"SP1","03/12/2018","Levante","Ath Bilbao",3,0,"H",2.75,3.4,2.54,2.8,3.4,2.5,2.65,3.4,2.65,2.84,3.46,2.6,2.7,3.3,2.6,2.75,3.4,2.55,2.7483,3.3933,2.5733,2.97,3.51,2.48
"SP1","07/12/2018","Leganes","Getafe",1,1,"D",2.62,2.9,3,2.6,3,3,2.7,2.85,3.05,2.76,2.99,3.04,2.7,2.9,3,2.75,3,3,2.6883,2.94,3.015,2.76,2.94,3.11
"SP1","08/12/2018","Ath Madrid","Alaves",3,0,"H",1.36,4.5,10,1.4,4.33,9.5,1.43,4.2,8.5,1.39,4.38,11.88,1.38,4.33,11,1.4,4.5,10.5,1.3933,4.3733,10.23,1.38,4.5,11.7
"SP1","08/12/2018","Espanol","Barcelona",0,4,"A",6.5,4.33,1.5,6,4.4,1.53,5.7,4.3,1.55,6.09,4.64,1.53,6.5,4.4,1.5,6.5,4.6,1.53,6.215,4.445,1.5233,8.23,5.02,1.4
"SP1","08/12/2018","Valencia","Sevilla",1,1,"D",2.2,3.5,3.2,2.25,3.4,3.2,2.3,3.4,3.05,2.24,3.61,3.31,2.2,3.5,3.25,2.3,3.5,3.25,2.2483,3.485,3.21,2.1,3.65,3.63
"SP1","08/12/2018","Villarreal","Celta",2,3,"A",1.72,3.8,4.75,1.8,3.75,4.33,1.85,3.6,4.3,1.81,3.9,4.56,1.78,3.8,4.4,1.8,3.9,4.6,1.7933,3.7917,4.49,1.68,4.22,5.03
"SP1","09/12/2018","Betis","Vallecano",2,0,"H",1.53,4.33,6,1.53,4.4,6,1.57,4.35,5.5,1.57,4.54,5.76,1.53,4.4,5.8,1.53,4.5,5.75,1.5433,4.42,5.8017,1.49,4.69,6.79
"SP1","09/12/2018","Eibar","Levante",4,4,"D",1.75,3.8,4.5,1.78,3.8,4.5,1.75,3.9,4.55,1.78,4.03,4.57,1.78,3.8,4.4,1.8,3.9,4.75,1.7733,3.8717,4.545,1.71,3.99,5.16
"SP1","09/12/2018","Huesca","Real Madrid",0,1,"A",10,5.5,1.3,9.25,5.25,1.33,9.6,5.5,1.3,9.11,6.01,1.32,9.5,5.8,1.3,9.5,5.75,1.3,9.4933,5.635,1.3083,9.97,5.92,1.31
"SP1","09/12/2018","Sociedad","Valladolid",1,2,"A",1.61,3.6,6.5,1.62,3.6,6.5,1.6,3.75,6,1.61,3.94,6.47,1.6,3.8,6,1.6,3.9,6,1.6067,3.765,6.245,1.77,3.44,5.83
"SP1","10/12/2018","Ath Bilbao","Girona",1,0,"H",1.95,3.4,4,2,3.3,4,1.95,3.4,4.05,1.98,3.57,4.15,1.95,3.5,4,1.95,3.5,4,1.9633,3.445,4.0333,2.03,3.61,3.89
"SP1","14/12/2018","Celta","Leganes",0,0,"D",1.85,3.5,4.33,1.83,3.5,4.6,1.85,3.4,4.6,1.87,3.5,4.82,1.85,3.4,4.6,1.87,3.5,4.75,1.8533,3.4667,4.6167,1.92,3.44,4.65
"SP1","15/12/2018","Eibar","Valencia",1,1,"D",2.7,3.2,2.7,2.7,3.2,2.7,2.65,3.2,2.75,2.74,3.26,2.84,2.7,3.2,2.7,2.7,3.3,2.8,2.6983,3.2267,2.7483,2.7,3.16,2.97
"SP1","15/12/2018","Getafe","Sociedad",1,0,"H",2.25,3.1,3.5,2.3,3.1,3.4,2.2,3.2,3.5,2.35,3.16,3.52,2.3,3,3.5,2.3,3.13,3.6,2.2833,3.115,3.5033,2.35,3.12,3.59
"SP1","15/12/2018","Real Madrid","Vallecano",1,0,"H",1.14,9,15,1.16,9.25,13,1.15,8.5,15,1.15,9.14,17.59,1.12,9,19,1.14,9,21,1.1433,8.9817,16.765,1.16,8.66,17.59
"SP1","15/12/2018","Valladolid","Ath Madrid",2,3,"A",5.75,3.4,1.72,5.75,3.3,1.75,5.1,3.3,1.8,6.11,3.5,1.72,5.8,3.5,1.7,6,3.5,1.73,5.7517,3.4167,1.7367,6.75,3.4,1.7
"SP1","16/12/2018","Espanol","Betis",1,3,"A",2.4,3.3,3,2.3,3.3,3.2,2.3,3.35,3.1,2.38,3.39,3.23,2.35,3.3,3.1,2.3,3.4,3.13,2.3383,3.34,3.1267,2.57,3.35,2.97
"SP1","16/12/2018","Huesca","Villarreal",2,2,"D",3.5,3.2,2.14,3.3,3.25,2.3,3.3,3.4,2.2,3.32,3.5,2.28,3.3,3.4,2.2,3.2,3.5,2.2,3.32,3.375,2.22,3.43,3.3,2.32
"SP1","16/12/2018","Levante","Barcelona",0,5,"A",9,6.5,1.25,11,7,1.22,9.6,5.5,1.3,10.21,6.74,1.27,11,6.5,1.24,12,6.5,1.22,10.4683,6.4567,1.25,13.5,8.1,1.19
"SP1","16/12/2018","Sevilla","Girona",2,0,"H",1.44,4.5,7,1.45,4.75,6.75,1.55,4,6.2,1.45,4.82,7.46,1.44,4.6,7,1.45,4.8,7,1.4633,4.5783,6.9017,1.42,4.81,8.33
"SP1","17/12/2018","Alaves","Ath Bilbao",0,0,"D",3,3.2,2.5,2.75,3.3,2.6,2.85,3.1,2.6,2.95,3.23,2.66,2.9,3.1,2.6,2.88,3.2,2.55,2.8883,3.1883,2.585,3.23,3.22,2.47
"SP1","21/12/2018","Girona","Getafe",1,1,"D",2.62,3,2.9,2.75,2.9,2.9,2.65,2.95,2.95,2.72,3.04,3.05,2.62,3,3,2.7,3.1,3,2.6767,2.9983,2.9667,2.69,3.03,3.1
"SP1","21/12/2018","Sociedad","Alaves",0,1,"A",1.75,3.5,5,1.78,3.4,5.25,1.85,3.5,4.4,1.79,3.54,5.31,1.75,3.5,5.25,1.8,3.6,5,1.7867,3.5067,5.035,1.72,3.61,5.81
"SP1","22/12/2018","Ath Bilbao","Valladolid",1,1,"D",1.75,3.4,5,1.75,3.6,5,1.73,3.55,5.2,1.76,3.6,5.49,1.73,3.5,5.5,1.75,3.6,5.5,1.745,3.5417,5.2817,1.7,3.72,5.81
"SP1","22/12/2018","Ath Madrid","Espanol",1,0,"H",1.4,4,10,1.42,4.25,9,1.37,4.3,11,1.42,4.19,11.05,1.42,4,11,1.45,4.2,9.5,1.4133,4.1567,10.2583,1.44,4.32,9.53
"SP1","22/12/2018","Barcelona","Celta",2,0,"H",1.12,9,21,1.11,9.75,21,1.12,9,20,1.13,10.28,18.95,1.1,11,19,1.11,11,26,1.115,10.005,20.9917,1.14,9.89,18.6
"SP1","22/12/2018","Betis","Eibar",1,1,"D",1.8,3.75,4.5,1.78,3.7,4.6,1.75,3.7,4.8,1.81,3.84,4.68,1.78,3.75,4.5,1.85,3.75,4.5,1.795,3.7483,4.5967,1.85,3.84,4.43
"SP1","23/12/2018","Leganes","Sevilla",1,1,"D",3.4,3.2,2.25,3.25,3.25,2.3,3.3,3.25,2.3,3.42,3.25,2.35,3.3,3.2,2.3,3.2,3.3,2.3,3.3117,3.2417,2.3,3.05,3.15,2.64
"SP1","23/12/2018","Valencia","Huesca",2,1,"H",1.4,4.75,8,1.4,4.4,9,1.42,4.55,7.9,1.4,4.69,9.64,1.38,4.6,9.5,1.4,4.8,8.5,1.4,4.6317,8.7567,1.45,4.3,9.15
"SP1","23/12/2018","Vallecano","Levante",2,1,"H",2.1,3.6,3.4,2.1,3.8,3.25,2.25,3.4,3.2,2.14,3.95,3.27,2.1,3.8,3.2,2.1,3.75,3.25,2.1317,3.7167,3.2617,2.17,3.83,3.3
"SP1","03/01/2019","Villarreal","Real Madrid",2,2,"D",3.8,3.8,1.85,3.9,3.75,1.83,3.8,3.9,1.87,4.02,3.98,1.9,4,3.9,1.85,3.9,3.9,1.87,3.9033,3.8717,1.8617,4.95,4.2,1.7
"SP1","04/01/2019","Espanol","Leganes",1,0,"H",2,3.3,4.2,2,3.2,4.2,2,3.3,4,2.04,3.28,4.33,2,3.2,4.2,2,3.3,4.3,2.0067,3.2633,4.205,1.99,3.17,4.78
"SP1","04/01/2019","Levante","Girona",2,2,"D",2.15,3.5,3.3,2.15,3.5,3.3,2.15,3.55,3.25,2.24,3.6,3.32,2.2,3.5,3.25,2.15,3.6,3.3,2.1733,3.5417,3.2867,2.21,3.68,3.33
"SP1","05/01/2019","Alaves","Valencia",2,1,"H",3.1,3.1,2.4,3.1,3.2,2.4,3.15,3.1,2.45,3.15,3.27,2.49,3.1,3.2,2.4,3.2,3.2,2.5,3.1333,3.1783,2.44,3.4,3.25,2.36
"SP1","05/01/2019","Huesca","Betis",2,1,"H",3.2,3.5,2.2,3.3,3.4,2.2,3.2,3.4,2.25,3.28,3.46,2.32,3.2,3.4,2.25,3.25,3.5,2.3,3.2383,3.4433,2.2533,3.27,3.55,2.29
"SP1","05/01/2019","Valladolid","Vallecano",0,1,"A",2.1,3.4,3.6,2.05,3.4,3.7,2.1,3.35,3.65,2.14,3.38,3.8,2.1,3.3,3.7,2.15,3.4,3.7,2.1067,3.3717,3.6917,2.16,3.3,3.86
"SP1","06/01/2019","Eibar","Villarreal",0,0,"D",2.1,3.25,3.5,2.1,3.5,3.5,2.15,3.5,3.4,2.18,3.54,3.52,2.15,3.4,3.4,2.15,3.5,3.5,2.1383,3.4483,3.47,2.19,3.45,3.58
"SP1","06/01/2019","Getafe","Barcelona",1,2,"A",8,5.25,1.36,7.5,5,1.4,7.2,5,1.4,7.4,5.18,1.42,8,5,1.38,8,5.2,1.36,7.6833,5.105,1.3867,7.27,4.96,1.44
"SP1","06/01/2019","Real Madrid","Sociedad",0,2,"A",1.33,6,7.5,1.33,5.5,8.75,1.35,6,7,1.35,5.49,9.03,1.33,5.25,9,1.33,5.5,8.5,1.3367,5.6233,8.2967,1.36,5.14,9.51
"SP1","06/01/2019","Sevilla","Ath Madrid",1,1,"D",2.8,3.1,2.7,2.8,3.2,2.65,2.7,3.1,2.8,2.84,3.15,2.81,2.75,3.1,2.75,2.8,3.2,2.8,2.7817,3.1417,2.7517,2.94,3.41,2.56
"SP1","07/01/2019","Celta","Ath Bilbao",1,2,"A",2.4,3.3,3,2.4,3.3,3,2.45,3.25,2.95,2.52,3.33,3.05,2.5,3.25,2.9,2.45,3.3,3,2.4533,3.2883,2.9833,2.58,3.1,3.19
"SP1","11/01/2019","Vallecano","Celta",4,2,"H",2.5,3.4,2.8,2.5,3.3,2.85,2.5,3.3,2.85,2.59,3.26,3.02,2.5,3.25,2.9,2.5,3.4,3,2.515,3.3183,2.9033,2.52,3.28,3.09
"SP1","12/01/2019","Girona","Alaves",1,1,"D",2.1,3.1,4,2.15,3.1,3.75,2.3,3.1,3.4,2.23,3.15,3.86,2.2,3,3.75,2.25,3.1,3.8,2.205,3.0917,3.76,1.96,3.48,4.36
"SP1","12/01/2019","Leganes","Huesca",1,0,"H",1.95,3.25,4.33,1.95,3.25,4.4,2,3.3,4,2.01,3.26,4.48,1.95,3.2,4.4,2,3.3,4.4,1.9767,3.26,4.335,2.12,3.03,4.47
"SP1","12/01/2019","Valencia","Valladolid",1,1,"D",1.53,4,7,1.55,3.9,6.75,1.65,3.9,5.2,1.59,3.86,7.01,1.55,3.8,7,1.6,4,6.5,1.5783,3.91,6.5767,1.53,3.97,7.96
"SP1","12/01/2019","Villarreal","Getafe",1,2,"A",2.15,3.1,3.8,2.15,3.1,3.8,2.2,3.2,3.5,2.16,3.21,3.99,2.15,3.1,3.8,2.2,3.2,3.8,2.1683,3.1517,3.7817,2.05,3.38,4.14
"SP1","13/01/2019","Ath Bilbao","Sevilla",2,0,"H",2.75,3.2,2.7,2.75,3.25,2.65,2.85,3.2,2.55,2.72,3.34,2.8,2.7,3.2,2.7,2.75,3.3,2.75,2.7533,3.2483,2.6917,2.7,3.21,2.92
"SP1","13/01/2019","Ath Madrid","Levante",1,0,"H",1.25,6,12,1.28,5.75,11,1.3,5.5,9.6,1.26,5.93,13.8,1.25,5.8,13,1.29,6,11.5,1.2717,5.83,11.8167,1.32,5.18,11.82
"SP1","13/01/2019","Barcelona","Eibar",3,0,"H",1.12,9,21,1.12,9.5,18,1.15,8,17,1.14,9.51,19.09,1.12,9,19,1.12,9.5,21,1.1283,9.085,19.1817,1.17,8.07,17.37
"SP1","13/01/2019","Betis","Real Madrid",1,2,"A",3.25,3.75,2.1,3.25,3.75,2.1,3.45,3.5,2.1,3.29,3.94,2.13,3.25,3.75,2.1,3.2,3.8,2.1,3.2817,3.7483,2.105,3.06,3.77,2.31
"SP1","14/01/2019","Sociedad","Espanol",3,2,"H",2,3.3,4,1.95,3.3,4.2,2,3.2,4.2,2,3.31,4.47,1.91,3.3,4.4,1.95,3.4,4.1,1.9683,3.3017,4.2283,2.2,3.29,3.75
"SP1","18/01/2019","Getafe","Alaves",4,0,"H",2,3.1,4.5,1.95,3.1,4.75,1.9,3.3,4.5,2.09,3.01,4.63,2,3.1,4.4,2.05,3.2,4.3,1.9983,3.135,4.5133,1.79,3.47,5.48
"SP1","19/01/2019","Celta","Valencia",1,2,"A",3.1,3.2,2.4,3.1,3.1,2.45,2.7,3.2,2.7,3.15,3.34,2.45,3,3.2,2.45,3.13,3.25,2.45,3.03,3.215,2.4833,3.37,3.41,2.29
"SP1","19/01/2019","Huesca","Ath Madrid",0,3,"A",5.75,3.6,1.66,5.75,3.6,1.67,6.7,3.6,1.6,6.01,3.5,1.74,5.8,3.6,1.67,5.75,3.6,1.73,5.96,3.5833,1.6783,6.26,3.46,1.72
"SP1","19/01/2019","Real Madrid","Sevilla",2,0,"H",1.7,4.2,4.5,1.72,4.1,4.5,1.7,4.2,4.5,1.77,4.12,4.55,1.7,4.2,4.5,1.75,4.2,4.5,1.7233,4.17,4.5083,1.69,4.17,5.06
"SP1","20/01/2019","Barcelona","Leganes",3,1,"H",1.12,9,21,1.13,9,19.5,1.12,8.5,22,1.14,8.97,24.26,1.11,9,23,1.12,9,23,1.1233,8.9117,22.1267,1.22,6.35,16.61
"SP1","20/01/2019","Betis","Girona",3,2,"H",1.61,3.75,6,1.62,3.9,5.75,1.75,3.7,4.8,1.65,4.05,5.64,1.65,3.8,5.5,1.67,3.9,5.75,1.6583,3.85,5.5733,1.65,3.97,5.92
"SP1","20/01/2019","Levante","Valladolid",2,0,"H",2.1,3.5,3.5,2.05,3.5,3.6,2.1,3.4,3.5,2.12,3.64,3.59,2.05,3.5,3.6,2.1,3.6,3.4,2.0867,3.5233,3.5317,1.94,3.65,4.18
"SP1","20/01/2019","Vallecano","Sociedad",2,2,"D",2.87,3.3,2.5,2.85,3.3,2.5,2.85,3.3,2.5,2.82,3.63,2.53,2.8,3.5,2.45,2.75,3.5,2.5,2.8233,3.4217,2.4967,2.89,3.35,2.63
"SP1","20/01/2019","Villarreal","Ath Bilbao",1,1,"D",2.2,3.3,3.4,2.15,3.3,3.5,2.2,3.3,3.4,2.3,3.32,3.45,2.2,3.3,3.4,2.25,3.4,3.2,2.2167,3.32,3.3917,2.04,3.51,3.98
"SP1","21/01/2019","Eibar","Espanol",3,0,"H",2.1,3.1,4,2.05,3.3,3.8,2.1,3.3,3.65,2.09,3.42,3.91,2.05,3.3,3.8,2.05,3.4,3.75,2.0733,3.3033,3.8183,1.85,3.66,4.68
"SP1","26/01/2019","Ath Madrid","Getafe",2,0,"H",1.53,3.6,8,1.55,3.7,7.25,1.55,3.7,7.2,1.59,3.69,7.62,1.57,3.6,7.5,1.62,3.7,7,1.5683,3.665,7.4283,1.71,3.25,7.24
"SP1","26/01/2019","Leganes","Eibar",2,2,"D",2.62,3,3,2.6,3,3,2.7,2.9,2.9,2.77,3.04,2.99,2.62,3,3,2.75,3,3,2.6767,2.99,2.9817,2.77,2.98,3.05
"SP1","26/01/2019","Sevilla","Levante",5,0,"H",1.53,4.33,6,1.55,4.33,5.75,1.5,4.5,6.2,1.56,4.41,6.1,1.55,4.33,5.8,1.57,4.5,5.5,1.5433,4.4,5.8917,1.4,5.1,8.17
"SP1","26/01/2019","Valencia","Villarreal",3,0,"H",1.83,3.6,4.5,1.87,3.4,4.5,1.87,3.6,4.2,1.9,3.61,4.47,1.85,3.5,4.33,1.91,3.6,4.4,1.8717,3.5517,4.4,2.08,3.4,3.97
"SP1","27/01/2019","Ath Bilbao","Betis",1,0,"H",2.1,3.3,3.5,2.15,3.3,3.5,2.05,3.4,3.65,2.11,3.48,3.78,2.1,3.3,3.7,2.1,3.4,3.6,2.1017,3.3633,3.6217,2.1,3.3,4.05
"SP1","27/01/2019","Espanol","Real Madrid",2,4,"A",4.2,4,1.8,4.1,4,1.8,4.4,3.7,1.8,4.33,4.03,1.82,4.2,3.9,1.8,4.2,3.9,1.8,4.2383,3.9217,1.8033,5.59,4.02,1.66
"SP1","27/01/2019","Girona","Barcelona",0,2,"A",10,5.25,1.33,9.5,5.25,1.33,8.8,5.3,1.33,8.95,5.59,1.35,8.5,5.5,1.33,9,5.5,1.33,9.125,5.3983,1.3333,10.12,5.66,1.32
"SP1","27/01/2019","Sociedad","Huesca",0,0,"D",1.61,3.75,6,1.62,3.9,5.75,1.57,3.9,6.1,1.62,4.1,5.98,1.62,3.9,5.8,1.6,4,5.75,1.6067,3.925,5.8967,1.63,3.92,6.31
"SP1","27/01/2019","Valladolid","Celta",2,1,"H",2.4,3.2,3.1,2.4,3.25,3.1,2.4,3.15,3.1,2.5,3.26,3.14,2.4,3.2,3.1,2.45,3.3,3.13,2.425,3.2267,3.1117,2.57,3.15,3.15
"SP1","28/01/2019","Alaves","Vallecano",0,1,"A",2.15,3.3,3.5,2.15,3.25,3.6,2.05,3.3,3.8,2.24,3.38,3.54,2.2,3.25,3.5,2.2,3.3,3.4,2.165,3.2967,3.5567,2.4,3.27,3.31
"SP1","01/02/2019","Huesca","Valladolid",4,0,"H",2.25,3.25,3.4,2.25,3.2,3.4,2.3,3.05,3.45,2.31,3.29,3.47,2.25,3.1,3.5,2.25,3.25,3.6,2.2683,3.19,3.47,2.22,3.27,3.7
"SP1","02/02/2019","Barcelona","Valencia",2,2,"D",1.28,5.75,11,1.3,5.75,9.25,1.3,5.8,9,1.3,6.41,9.03,1.25,6.5,10,1.29,6.25,10.5,1.2867,6.0767,9.7967,1.44,4.88,7.54
"SP1","02/02/2019","Celta","Sevilla",1,0,"H",3.75,3.6,2,3.7,3.6,2,3.6,3.6,2,3.73,3.77,2.03,3.6,3.6,2,3.6,3.7,2.1,3.6633,3.645,2.0217,3.53,3.62,2.15
"SP1","02/02/2019","Levante","Getafe",0,0,"D",2.37,3.25,3.1,2.4,3.25,3.1,2.4,3.3,3,2.47,3.37,3.09,2.4,3.3,3,2.4,3.4,3.1,2.4067,3.3117,3.065,2.58,3.4,2.92
"SP1","02/02/2019","Sociedad","Ath Bilbao",2,1,"H",2.35,3.3,3.2,2.25,3.25,3.4,2.4,3.15,3.15,2.41,3.24,3.32,2.3,3.2,3.25,2.38,3.3,3.25,2.3483,3.24,3.2617,2.58,2.93,3.38
"SP1","03/02/2019","Betis","Ath Madrid",1,0,"H",4,3.2,2.05,3.8,3.3,2.05,4,3.15,2.05,3.99,3.45,2.06,3.9,3.3,2,4,3.3,2,3.9483,3.2833,2.035,4.05,3.31,2.1
"SP1","03/02/2019","Eibar","Girona",3,0,"H",1.66,4,5,1.72,3.7,5,1.8,3.6,4.5,1.74,3.95,4.99,1.67,4,5,1.7,3.8,5,1.715,3.8417,4.915,1.64,4.21,5.49
"SP1","03/02/2019","Real Madrid","Alaves",3,0,"H",1.2,6.5,15,1.22,6.5,12.5,1.25,6.1,11,1.23,6.91,12.51,1.22,6.5,13,1.2,6.5,15,1.22,6.5017,13.1683,1.2,7.61,14.04
"SP1","03/02/2019","Villarreal","Espanol",2,2,"D",1.8,3.75,4.5,1.8,3.75,4.4,1.8,3.7,4.35,1.83,3.97,4.35,1.75,3.8,4.5,1.8,3.8,4.75,1.7967,3.795,4.475,2.15,3.6,3.55
"SP1","04/02/2019","Vallecano","Leganes",1,2,"A",2.37,3.25,3.1,2.3,3.1,3.4,2.35,3.1,3.3,2.39,3.16,3.44,2.3,3.1,3.4,2.38,3.2,3.2,2.3483,3.1517,3.3067,2.75,3.11,2.94
"SP1","08/02/2019","Valladolid","Villarreal",0,0,"D",2.9,3.3,2.4,3,3.25,2.45,3,3.3,2.4,3.09,3.29,2.52,3,3.2,2.55,3,3.3,2.55,2.9983,3.2733,2.4783,3.23,3.45,2.35
"SP1","09/02/2019","Ath Madrid","Real Madrid",1,3,"A",2.37,3.25,3.1,2.4,3.3,3,2.4,3.25,3.05,2.43,3.32,3.2,2.45,3.2,3.1,2.45,3.3,3.1,2.4167,3.27,3.0917,2.66,3.21,2.97
"SP1","09/02/2019","Espanol","Vallecano",2,1,"H",1.8,3.6,4.5,1.8,3.7,4.5,1.8,3.6,4.5,1.83,3.71,4.7,1.83,3.6,4.6,1.85,3.7,4.6,1.8183,3.6517,4.5667,1.7,3.89,5.42
"SP1","09/02/2019","Getafe","Celta",3,1,"H",1.9,3.4,4.33,1.87,3.4,4.6,1.95,3.3,4.3,1.95,3.38,4.56,1.95,3.3,4.4,1.95,3.4,4.5,1.9283,3.3633,4.4483,2.03,3.31,4.34
"SP1","09/02/2019","Girona","Huesca",0,2,"A",2,3.3,4,1.95,3.4,4.1,1.97,3.35,4.1,2,3.43,4.27,2,3.3,4.2,2,3.4,4.1,1.9867,3.3633,4.1283,1.92,3.48,4.58
"SP1","10/02/2019","Ath Bilbao","Barcelona",0,0,"D",4.75,4,1.7,4.75,3.9,1.72,4.5,3.9,1.75,4.81,3.84,1.79,4.75,4,1.73,4.4,4,1.75,4.66,3.94,1.74,5.27,3.74,1.75
"SP1","10/02/2019","Leganes","Betis",3,0,"H",2.25,3,3.6,2.35,3.1,3.3,2.3,3.05,3.4,2.38,3.18,3.45,2.35,3.1,3.4,2.3,3.2,3.5,2.3217,3.105,3.4417,2.08,3.28,4.16
"SP1","10/02/2019","Sevilla","Eibar",2,2,"D",1.66,4,5,1.67,4.1,4.75,1.67,4.05,4.85,1.68,4.16,5.13,1.7,4,5,1.65,4.1,5,1.6717,4.0683,4.955,1.85,3.54,4.89
"SP1","10/02/2019","Valencia","Sociedad",0,0,"D",1.83,3.5,4.5,1.83,3.5,4.5,1.8,3.6,4.55,1.82,3.74,4.74,1.83,3.6,4.6,1.8,3.7,4.8,1.8183,3.6067,4.615,1.83,3.56,5.01
"SP1","11/02/2019","Alaves","Levante",2,0,"H",2,3.4,3.8,2.05,3.4,3.8,2.05,3.45,3.6,2.1,3.54,3.75,2.05,3.5,3.7,2.05,3.5,3.6,2.05,3.465,3.7083,2.14,3.38,3.79
"SP1","15/02/2019","Eibar","Getafe",2,2,"D",2.05,3.3,4,2.05,3.1,4.1,2.05,3.1,4.05,2.11,3.16,4.24,2.1,3.1,4,2.1,3.25,4.1,2.0767,3.1683,4.0817,2.07,3.09,4.55
"SP1","16/02/2019","Barcelona","Valladolid",1,0,"H",1.14,9,15,1.16,8,16,1.15,8,17,1.15,8.44,21.24,1.14,8,19,1.15,9,19,1.1483,8.4067,17.8733,1.14,9.04,23.66
"SP1","16/02/2019","Celta","Levante",1,4,"A",1.8,3.8,4.5,1.85,3.7,4.2,1.8,3.9,4.2,1.83,4.05,4.26,1.78,3.9,4.33,1.83,4,4.3,1.815,3.8917,4.2983,1.75,4.06,4.75
"SP1","16/02/2019","Sociedad","Leganes",3,0,"H",2.05,3.1,4.2,2.05,3.1,4.1,2.05,3.15,4,2.11,3.2,4.18,2.05,3.1,4.2,2.1,3.2,4.1,2.0683,3.1417,4.13,2.33,2.97,3.84
"SP1","16/02/2019","Vallecano","Ath Madrid",0,1,"A",6,3.5,1.65,5.75,3.6,1.67,4.9,3.4,1.8,5.68,3.86,1.68,5.5,3.7,1.67,6,3.75,1.67,5.6383,3.635,1.69,6.59,4.03,1.58
"SP1","17/02/2019","Betis","Alaves",1,1,"D",1.72,3.5,5.25,1.8,3.4,5,1.8,3.5,4.7,1.83,3.42,5.31,1.78,3.4,5.25,1.8,3.5,4.8,1.7883,3.4533,5.0517,1.76,3.55,5.63
"SP1","17/02/2019","Real Madrid","Girona",1,2,"A",1.16,8,15,1.19,7,15,1.2,7,13,1.21,7.15,14.44,1.18,7.5,15,1.2,7.5,15,1.19,7.3583,14.5733,1.18,8.03,15.95
"SP1","17/02/2019","Valencia","Espanol",0,0,"D",1.72,3.7,4.8,1.8,3.5,4.75,1.75,3.7,4.8,1.78,3.69,5.17,1.75,3.7,4.8,1.75,3.8,5,1.7583,3.6817,4.8867,1.81,3.6,5.1
"SP1","17/02/2019","Villarreal","Sevilla",3,0,"H",2.5,3.4,2.8,2.45,3.5,2.8,2.6,3.3,2.75,2.64,3.6,2.72,2.5,3.5,2.75,2.5,3.6,2.7,2.5317,3.4833,2.7533,2.47,3.47,3.02
"SP1","18/02/2019","Huesca","Ath Bilbao",0,1,"A",3.1,3.1,2.5,3.1,3.1,2.45,2.85,3.2,2.55,3.25,3.16,2.5,3.1,3.1,2.45,3.1,3.2,2.4,3.0833,3.1433,2.475,3.68,3.21,2.26
"SP1","22/02/2019","Espanol","Huesca",1,1,"D",1.72,3.6,5,1.75,3.6,5,1.77,3.65,4.75,1.79,3.68,5.1,1.73,3.7,5,1.75,3.7,5.2,1.7517,3.655,5.0083,1.74,3.6,5.7
"SP1","23/02/2019","Alaves","Celta",0,0,"D",2.3,3.3,3.2,2.3,3.25,3.2,2.3,3.25,3.2,2.35,3.4,3.28,2.3,3.3,3.2,2.38,3.3,3.3,2.3217,3.3,3.23,2.53,3.09,3.27
"SP1","23/02/2019","Ath Bilbao","Eibar",1,0,"H",2.1,3.25,3.8,2.1,3.2,3.8,2.1,3.2,3.8,2.17,3.19,3.97,2.05,3.3,3.8,2.15,3.25,3.9,2.1117,3.2317,3.845,2.21,3.18,3.86
"SP1","23/02/2019","Getafe","Vallecano",2,1,"H",1.7,3.6,5.5,1.72,3.6,5.25,1.75,3.5,5.2,1.78,3.57,5.43,1.7,3.6,5.5,1.75,3.6,5.5,1.7333,3.5783,5.3967,1.93,3.33,4.82
"SP1","23/02/2019","Sevilla","Barcelona",2,4,"A",3.5,4,1.95,3.6,4,1.91,3.6,3.9,1.93,3.69,4.05,1.96,3.6,3.8,1.95,3.75,4,1.95,3.6233,3.9583,1.9417,3.99,4.24,1.85
"SP1","24/02/2019","Ath Madrid","Villarreal",2,0,"H",1.57,3.75,7,1.57,3.9,6.25,1.57,3.9,6.4,1.58,4.08,6.56,1.55,4,6.5,1.55,4,6.5,1.565,3.9383,6.535,1.57,3.83,7.51
"SP1","24/02/2019","Leganes","Valencia",1,1,"D",2.8,3.1,2.7,2.8,2.95,2.8,2.8,3.05,2.7,2.93,3.08,2.79,2.8,3,2.75,2.88,3.1,2.8,2.835,3.0467,2.7567,3.24,2.99,2.62
"SP1","24/02/2019","Levante","Real Madrid",1,2,"A",5.25,4.75,1.53,5.25,4.6,1.55,5.2,4.65,1.55,5.85,4.68,1.55,5.5,4.6,1.53,5.75,4.75,1.5,5.4667,4.6717,1.535,6.48,5.29,1.45
"SP1","24/02/2019","Valladolid","Betis",0,2,"A",2.7,3.2,2.75,2.75,3.2,2.7,2.65,3.15,2.8,2.72,3.32,2.81,2.62,3.2,2.8,2.63,3.2,2.8,2.6783,3.2117,2.7767,2.41,3.21,3.34
"SP1","25/02/2019","Girona","Sociedad",0,0,"D",2.37,3.2,3,2.45,3.2,3,2.45,3.25,3,2.45,3.4,3.1,2.5,3.25,2.9,2.45,3.3,3,2.445,3.2667,3,2.37,3.25,3.38
"SP1","01/03/2019","Vallecano","Girona",0,2,"A",2.25,3.4,3.2,2.25,3.3,3.3,2.3,3.35,3.2,2.36,3.37,3.3,2.2,3.3,3.4,2.3,3.4,3.25,2.2767,3.3533,3.275,2.52,3.3,3.08
"SP1","02/03/2019","Espanol","Valladolid",3,1,"H",1.8,3.6,4.75,1.78,3.5,5,1.8,3.5,4.85,1.82,3.59,5.01,1.8,3.5,4.75,1.8,3.6,5,1.8,3.5483,4.8933,1.69,3.76,5.83
"SP1","02/03/2019","Huesca","Sevilla",2,1,"H",3.8,3.6,1.95,3.9,3.6,1.95,3.85,3.55,1.95,3.94,3.74,1.98,3.9,3.6,1.95,4,3.6,2,3.8983,3.615,1.9633,4.11,3.61,1.98
"SP1","02/03/2019","Real Madrid","Barcelona",0,1,"A",2.75,3.7,2.45,2.7,3.75,2.4,2.7,3.7,2.4,2.74,3.78,2.53,2.7,3.7,2.45,2.7,3.75,2.5,2.715,3.73,2.455,2.65,3.8,2.64
"SP1","02/03/2019","Villarreal","Alaves",1,2,"A",1.66,3.75,5.5,1.67,3.7,5.5,1.67,3.85,5.2,1.67,4.02,5.47,1.65,3.9,5.25,1.67,3.9,5.75,1.665,3.8533,5.445,1.57,4.21,6.39
"SP1","03/03/2019","Betis","Getafe",1,2,"A",2.3,3,3.4,2.35,3,3.4,2.35,3.05,3.35,2.42,3.08,3.48,2.25,3.1,3.6,2.4,3.1,3.25,2.345,3.055,3.4133,2.4,3.13,3.45
"SP1","03/03/2019","Eibar","Celta",1,0,"H",1.72,3.8,4.75,1.78,3.8,4.5,1.75,3.8,4.65,1.78,3.99,4.66,1.78,3.9,4.4,1.75,3.8,5,1.76,3.8483,4.66,1.81,3.71,4.83
"SP1","03/03/2019","Sociedad","Ath Madrid",0,2,"A",4,3.25,2.05,3.75,3.25,2.1,3.7,3.3,2.1,3.87,3.37,2.12,3.7,3.25,2.1,3.75,3.25,2.1,3.795,3.2783,2.095,4.23,3.1,2.14
"SP1","03/03/2019","Valencia","Ath Bilbao",2,0,"H",2,3.3,4,2,3.25,4.1,1.97,3.25,4.2,2.02,3.29,4.42,1.95,3.25,4.33,2,3.25,4.1,1.99,3.265,4.1917,2.01,3.26,4.5
"SP1","04/03/2019","Leganes","Levante",1,0,"H",1.95,3.4,4.2,1.91,3.4,4.25,1.9,3.45,4.2,1.91,3.56,4.48,1.95,3.4,4.2,1.93,3.4,4.2,1.925,3.435,4.255,2.08,3.23,4.23
"SP1","08/03/2019","Ath Bilbao","Espanol",1,1,"D",1.66,3.6,6,1.67,3.6,5.75,1.65,3.65,5.8,1.67,3.77,6.11,1.7,3.6,5.5,1.65,3.75,6.25,1.6667,3.6617,5.9017,1.68,3.65,6.19
"SP1","09/03/2019","Alaves","Eibar",1,1,"D",2.9,3.2,2.55,2.9,3,2.7,2.95,3.05,2.6,3.04,3.01,2.75,2.88,3.1,2.62,3,3.2,2.63,2.945,3.0933,2.6417,3.38,3.29,2.35
"SP1","09/03/2019","Ath Madrid","Leganes",1,0,"H",1.45,4.2,10,1.45,4.2,8.25,1.47,4,8.1,1.47,4.2,9.04,1.47,4,8.5,1.45,4.2,9.5,1.46,4.1333,8.8983,1.52,3.81,8.97
"SP1","09/03/2019","Barcelona","Vallecano",3,1,"H",1.16,8,15,1.17,8,15,1.15,8,16.5,1.15,8.86,18.11,1.14,8,21,1.15,8.5,23,1.1533,8.2267,18.1017,1.11,11.53,23.51
"SP1","09/03/2019","Getafe","Huesca",2,1,"H",1.61,3.6,6.5,1.62,3.7,6.25,1.63,3.7,5.8,1.63,3.91,6.31,1.62,3.75,6,1.65,3.8,6.25,1.6267,3.7433,6.185,1.58,3.9,7.05
"SP1","10/03/2019","Celta","Betis",0,1,"A",2.5,3.3,2.9,2.45,3.3,2.95,2.45,3.25,2.95,2.55,3.35,2.99,2.45,3.3,3,2.55,3.3,3,2.4917,3.3,2.965,2.56,3.37,2.96
"SP1","10/03/2019","Girona","Valencia",2,3,"A",3.3,3.2,2.35,3.1,3.2,2.4,3.15,3.25,2.35,3.22,3.27,2.45,3.2,3.2,2.38,3.2,3.25,2.45,3.195,3.2283,2.3967,3.8,3.43,2.12
"SP1","10/03/2019","Levante","Villarreal",0,2,"A",2.9,3.3,2.5,2.8,3.4,2.5,2.75,3.45,2.5,2.84,3.54,2.56,2.8,3.4,2.5,2.75,3.5,2.5,2.8067,3.4317,2.51,2.78,3.59,2.59
"SP1","10/03/2019","Sevilla","Sociedad",5,2,"H",1.66,4.2,4.75,1.65,4.25,4.75,1.67,4.05,4.95,1.67,4.29,5.04,1.65,4,5.25,1.62,4.1,5.2,1.6533,4.1483,4.99,1.63,4.07,5.85
"SP1","10/03/2019","Valladolid","Real Madrid",1,4,"A",5,4.33,1.61,5.25,4.25,1.6,4.85,4.15,1.65,5.22,4.3,1.65,5.25,4.2,1.62,5,4.33,1.62,5.095,4.26,1.625,5.77,4.29,1.6
"SP1","15/03/2019","Sociedad","Levante",1,1,"D",1.8,3.75,4.5,1.85,3.5,4.4,1.85,3.55,4.3,1.89,3.61,4.53,1.83,3.6,4.4,1.87,3.75,4.4,1.8483,3.6267,4.4217,1.87,3.7,4.52
"SP1","16/03/2019","Ath Bilbao","Ath Madrid",2,0,"H",3.9,3,2.2,3.7,3,2.25,3.7,2.95,2.25,3.87,3.01,2.3,3.75,3,2.2,3.8,3,2.3,3.7867,2.9933,2.25,3.88,2.92,2.36
"SP1","16/03/2019","Huesca","Alaves",1,3,"A",2.45,3.2,3,2.5,3.25,2.9,2.5,3.15,3.05,2.52,3.22,3.15,2.45,3.1,3.1,2.5,3.2,3.13,2.4867,3.1867,3.055,2.42,3.23,3.31
"SP1","16/03/2019","Leganes","Girona",0,2,"A",2.15,3.2,3.7,2.05,3.1,4.1,2.1,3.15,3.8,2.18,3.1,4.07,2.15,3.1,3.9,2.15,3.2,4,2.13,3.1417,3.9283,2.31,3.11,3.69
"SP1","16/03/2019","Real Madrid","Celta",2,0,"H",1.18,7.5,13,1.18,7.25,15,1.25,6.1,11,1.2,7.48,14.42,1.2,7,15,1.2,7.5,15,1.2017,7.1383,13.9033,1.16,8.77,16.3
"SP1","17/03/2019","Betis","Barcelona",1,4,"A",7,5,1.4,6.75,5.25,1.4,7.4,4.9,1.4,6.33,5.11,1.48,6.5,4.8,1.44,6.5,5,1.44,6.7467,5.01,1.4267,6.3,4.63,1.52
"SP1","17/03/2019","Eibar","Valladolid",1,2,"A",1.66,3.8,5.5,1.62,3.8,5.75,1.65,3.8,5.5,1.65,3.9,6.08,1.63,3.75,5.8,1.65,3.8,6.25,1.6433,3.8083,5.8133,1.64,3.89,6.16
"SP1","17/03/2019","Espanol","Sevilla",0,1,"A",2.4,3.5,2.9,2.55,3.6,2.65,2.5,3.45,2.75,2.56,3.59,2.81,2.45,3.5,2.8,2.6,3.5,2.8,2.51,3.5233,2.785,2.44,3.65,2.93
"SP1","17/03/2019","Valencia","Getafe",0,0,"D",2,3.3,4,1.95,3.2,4.5,1.97,3.25,4.3,2,3.25,4.59,1.95,3.2,4.4,1.95,3.3,4.3,1.97,3.25,4.3483,1.86,3.47,4.93
"SP1","17/03/2019","Villarreal","Vallecano",3,1,"H",1.6,4.2,5.5,1.6,4.2,5.25,1.63,4.1,5.1,1.65,4.19,5.35,1.62,4.2,5.25,1.62,4.2,5.25,1.62,4.1817,5.2833,1.67,4.07,5.41
"SP1","29/03/2019","Girona","Ath Bilbao",1,2,"A",2.87,2.9,2.7,2.85,2.95,2.75,2.9,2.95,2.75,2.94,3,2.85,2.8,2.9,2.88,2.9,3,2.8,2.8767,2.95,2.7883,2.98,3.07,2.75
"SP1","30/03/2019","Alaves","Ath Madrid",0,4,"A",5.5,3.4,1.75,5.5,3.4,1.75,5.1,3.35,1.8,5.49,3.35,1.83,5,3.4,1.8,5.25,3.4,1.83,5.3067,3.3833,1.7933,6.1,3.45,1.74
"SP1","30/03/2019","Barcelona","Espanol",2,0,"H",1.14,9,15,1.19,7.25,14,1.2,7,13,1.18,7.88,15.97,1.17,8,15,1.18,8.5,15,1.1767,7.9383,14.6617,1.19,7.4,17.18
"SP1","30/03/2019","Celta","Villarreal",3,2,"H",2.5,3.3,2.75,2.55,3.4,2.75,2.6,3.3,2.75,2.71,3.33,2.82,2.55,3.3,2.8,2.63,3.3,2.8,2.59,3.3217,2.7783,2.46,3.39,3.09
"SP1","30/03/2019","Getafe","Leganes",0,2,"A",1.95,3.2,4.5,1.95,3.1,4.6,1.85,3.25,4.9,1.97,3.18,4.86,1.88,3.2,4.8,1.95,3.2,4.8,1.925,3.1883,4.7433,1.99,3.06,5.1
"SP1","31/03/2019","Levante","Eibar",2,2,"D",2.8,3.5,2.45,2.75,3.6,2.45,2.7,3.55,2.5,2.73,3.65,2.6,2.7,3.6,2.5,2.75,3.6,2.55,2.7383,3.5833,2.5083,2.63,3.62,2.72
"SP1","31/03/2019","Real Madrid","Huesca",3,2,"H",1.11,10,19,1.13,9.25,18.5,1.12,9,20,1.14,9.65,20.2,1.12,9,19,1.12,10,18,1.1233,9.4833,19.1167,1.19,7.71,16.03
"SP1","31/03/2019","Sevilla","Valencia",0,1,"A",2.05,3.5,3.6,2.05,3.6,3.5,2.1,3.5,3.45,2.09,3.6,3.69,2.05,3.5,3.6,2.15,3.5,3.6,2.0817,3.5333,3.5733,2.72,3.44,2.73
"SP1","31/03/2019","Valladolid","Sociedad",1,1,"D",2.6,3,3,2.6,3.2,2.85,2.6,3.05,2.95,2.63,3.19,3.02,2.6,3.1,2.9,2.63,3.1,2.88,2.61,3.1067,2.9333,2.73,3.19,2.9
"SP1","31/03/2019","Vallecano","Betis",1,1,"D",2.75,3.5,2.45,2.85,3.4,2.45,2.75,3.45,2.5,2.79,3.6,2.58,2.75,2.5,2.4,2.8,3.5,2.55,2.7817,3.325,2.4883,3.16,3.64,2.3
"SP1","02/04/2019","Ath Madrid","Girona",2,0,"H",1.36,4.5,10,1.36,4.6,10,1.37,4.5,10,1.38,4.69,10.7,1.38,4.5,10,1.4,4.75,9.5,1.375,4.59,10.0333,1.37,4.76,10.96
"SP1","02/04/2019","Espanol","Getafe",1,1,"D",2.4,3.1,3.2,2.4,3.1,3.2,2.45,3.1,3.15,2.49,3.17,3.24,2.45,3.1,3.1,2.55,3.1,3.2,2.4567,3.1117,3.1817,2.31,3.2,3.59
"SP1","02/04/2019","Villarreal","Barcelona",4,4,"D",5.25,4.2,1.61,5.25,4.2,1.62,5,4,1.65,5.14,4.23,1.67,5,4.2,1.63,5.25,4.2,1.67,5.1483,4.1717,1.6417,4.6,3.76,1.84
"SP1","03/04/2019","Ath Bilbao","Levante",3,2,"H",1.61,4,5.5,1.6,4,5.75,1.6,3.95,5.7,1.61,4.14,6,1.6,3.9,5.8,1.62,4,6,1.6067,3.9983,5.7917,1.51,4.58,6.6
"SP1","03/04/2019","Eibar","Vallecano",2,1,"H",1.61,4,5.5,1.65,3.8,5.5,1.63,4,5.2,1.66,4.13,5.44,1.63,4,5.25,1.67,4,5.5,1.6417,3.9883,5.3983,1.88,3.71,4.43
"SP1","03/04/2019","Huesca","Celta",3,3,"D",2.62,3.5,2.62,2.65,3.4,2.65,2.6,3.35,2.7,2.71,3.41,2.76,2.62,3.3,2.7,2.75,3.4,2.7,2.6583,3.3933,2.6883,2.66,3.4,2.82
"SP1","03/04/2019","Valencia","Real Madrid",2,1,"H",3.3,3.6,2.15,3.3,3.7,2.1,3.25,3.7,2.1,3.34,3.73,2.18,3.3,3.6,2.15,3.4,3.7,2.15,3.315,3.6717,2.1383,2.83,3.69,2.5
"SP1","04/04/2019","Leganes","Valladolid",1,0,"H",1.9,3.3,4.5,1.91,3.25,4.5,1.93,3.2,4.55,1.95,3.27,4.78,1.91,3.2,4.6,1.91,3.25,4.6,1.9183,3.245,4.5883,2.12,3.08,4.36
"SP1","04/04/2019","Sevilla","Alaves",2,0,"H",1.5,4.33,6.5,1.53,4.25,6.25,1.55,4.2,5.9,1.52,4.54,6.65,1.5,4.4,6.5,1.5,4.4,6.25,1.5167,4.3533,6.3417,1.39,5.22,8.14
"SP1","04/04/2019","Sociedad","Betis",2,1,"H",2.25,3.3,3.3,2.2,3.4,3.3,2.2,3.3,3.4,2.22,3.49,3.46,2.15,3.4,3.4,2.2,3.4,3.3,2.2033,3.3817,3.36,2.27,3.45,3.39
"SP1","06/04/2019","Barcelona","Ath Madrid",2,0,"H",1.75,3.6,5,1.78,3.6,4.75,1.9,3.7,3.9,1.76,3.97,4.96,1.75,3.7,4.75,1.8,3.8,4.8,1.79,3.7283,4.6933,1.75,3.8,5.41
"SP1","06/04/2019","Girona","Espanol",1,2,"A",2.5,3.2,3,2.55,3.1,3,2.5,3.15,2.95,2.52,3.26,3.17,2.45,3.2,3,2.55,3.25,3,2.5117,3.1933,3.02,2.56,3.21,3.1
"SP1","06/04/2019","Real Madrid","Eibar",2,1,"H",1.3,5.5,9.5,1.28,6,9.75,1.27,6,10,1.33,6.22,9.07,1.27,6,10,1.33,6,9.5,1.2967,5.9533,9.6367,1.41,5.26,7.38
"SP1","06/04/2019","Vallecano","Valencia",2,0,"H",4.2,3.5,1.9,4,3.6,1.91,3.9,3.6,1.93,4.05,3.72,1.98,3.7,3.6,2,4,3.6,2,3.975,3.6033,1.9533,4.02,3.74,1.96
"SP1","07/04/2019","Alaves","Leganes",1,1,"D",2.5,3,3.1,2.5,2.9,3.25,2.5,2.95,3.25,2.58,3.02,3.33,2.4,3.1,3.2,2.55,3,3.3,2.505,2.995,3.2383,2.5,3.03,3.39
"SP1","07/04/2019","Betis","Villarreal",2,1,"H",2.2,3.4,3.3,2.2,3.4,3.3,2.25,3.4,3.15,2.3,3.64,3.19,2.25,3.4,3.2,2.25,3.5,3.13,2.2417,3.4567,3.2117,2.34,3.49,3.22
"SP1","07/04/2019","Celta","Sociedad",3,1,"H",2.4,3.3,3,2.45,3.25,3,2.35,3.4,2.95,2.42,3.58,3.07,2.35,3.4,3,2.38,3.4,3,2.3917,3.3883,3.0033,2.45,3.39,3.12
"SP1","07/04/2019","Getafe","Ath Bilbao",1,0,"H",2.3,3,3.5,2.35,2.9,3.6,2.35,2.9,3.55,2.44,3.01,3.6,2.3,3,3.5,2.38,3,3.6,2.3533,2.9683,3.5583,2.71,3,3.1
"SP1","07/04/2019","Levante","Huesca",2,2,"D",1.95,3.6,3.8,1.95,3.6,3.8,1.97,3.7,3.6,2.02,3.91,3.71,1.95,3.75,3.7,1.95,3.8,3.6,1.965,3.7267,3.7017,1.76,4.23,4.44
"SP1","07/04/2019","Valladolid","Sevilla",0,2,"A",3.5,3.4,2.05,3.3,3.5,2.15,3.35,3.45,2.15,3.54,3.62,2.17,3.3,3.4,2.2,3.3,3.5,2.15,3.3817,3.4783,2.145,4.18,3.69,1.93
"SP1","13/04/2019","Ath Madrid","Celta",2,0,"H",1.36,4.75,9,1.36,4.75,9.25,1.4,4.55,8.3,1.4,4.64,9.64,1.38,4.6,9,1.4,4.75,9.5,1.3833,4.6733,9.115,1.5,4.29,7.74
"SP1","13/04/2019","Espanol","Alaves",2,1,"H",1.8,3.5,4.75,1.78,3.5,5,1.83,3.45,4.7,1.82,3.54,5.12,1.8,3.5,4.75,1.83,3.6,4.8,1.81,3.515,4.8533,1.83,3.66,4.84
"SP1","13/04/2019","Huesca","Barcelona",0,0,"D",4.75,4.2,1.65,4.75,4,1.7,5.2,4.2,1.6,4.71,4.16,1.74,5,4,1.67,4.75,4.2,1.73,4.86,4.1267,1.6817,3.02,3.55,2.43
"SP1","13/04/2019","Sevilla","Betis",3,2,"H",1.66,4,5,1.67,4.1,4.75,1.7,4.1,4.5,1.72,4.26,4.71,1.67,4.2,4.8,1.73,4.2,4.8,1.6917,4.1433,4.76,1.58,4.44,5.78
"SP1","14/04/2019","Ath Bilbao","Vallecano",3,2,"H",1.6,4,5.5,1.65,4,5.25,1.63,4,5.3,1.64,4.18,5.51,1.63,4,5.25,1.67,4,5.5,1.6367,4.03,5.385,1.63,4.09,5.84
"SP1","14/04/2019","Girona","Villarreal",0,1,"A",2.5,3.25,2.8,2.55,3.4,2.75,2.5,3.4,2.8,2.52,3.54,2.9,2.55,3.5,2.7,2.5,3.4,2.8,2.52,3.415,2.7917,2.7,3.48,2.72
"SP1","14/04/2019","Sociedad","Eibar",1,1,"D",2.2,3.5,3.25,2.3,3.3,3.2,2.3,3.4,3.15,2.3,3.54,3.24,2.25,3.4,3.2,2.3,3.5,3,2.275,3.44,3.1733,2.53,3.27,3.09
"SP1","14/04/2019","Valencia","Levante",3,1,"H",1.5,4.75,5.5,1.5,4.4,6.25,1.5,4.6,5.9,1.51,4.69,6.41,1.52,4.4,6,1.5,4.6,6,1.505,4.5733,6.01,1.49,4.42,7.48
"SP1","14/04/2019","Valladolid","Getafe",2,2,"D",3.2,2.9,2.55,3.1,2.95,2.55,3.2,2.95,2.5,3.35,3.03,2.52,3.2,3,2.45,3.3,3,2.55,3.225,2.9717,2.52,3.2,3,2.64
"SP1","15/04/2019","Leganes","Real Madrid",1,1,"D",5.25,4.2,1.6,5,4.25,1.62,5,4.1,1.65,5.19,4.21,1.67,5.25,4.2,1.6,5.2,4.2,1.62,5.1483,4.1933,1.6267,5.08,3.94,1.73
"SP1","19/04/2019","Alaves","Valladolid",2,2,"D",2.1,3.2,3.75,2.1,3.2,3.9,2.15,3.1,3.8,2.2,3.23,3.83,2.15,3.1,3.75,2.2,3.2,3.8,2.15,3.1717,3.805,2.47,3.15,3.31
"SP1","20/04/2019","Barcelona","Sociedad",2,1,"H",1.22,6.5,13,1.22,6.75,11.5,1.25,6.1,11,1.24,7.03,11.48,1.22,6.5,13,1.2,7,13,1.225,6.6467,12.1633,1.17,8.47,15.44
"SP1","20/04/2019","Celta","Girona",2,1,"H",2,3.75,3.5,2,3.7,3.6,1.97,3.7,3.65,2.03,3.88,3.63,1.95,3.75,3.7,2,3.8,3.75,1.9917,3.7633,3.6383,2.03,3.65,3.87
"SP1","20/04/2019","Eibar","Ath Madrid",0,1,"A",3.2,3.1,2.4,3.2,3.1,2.4,3.1,3.1,2.5,3.21,3.13,2.54,3.1,3.1,2.45,3.25,3.1,2.5,3.1767,3.105,2.465,3.8,3.32,2.17
"SP1","20/04/2019","Vallecano","Huesca",0,0,"D",2.05,3.75,3.4,2.05,3.7,3.4,2.05,3.7,3.4,2.08,3.82,3.53,2.05,3.7,3.4,2.05,3.75,3.4,2.055,3.7367,3.4217,2.11,3.85,3.44
"SP1","21/04/2019","Betis","Valencia",1,2,"A",3,3.3,2.4,2.85,3.3,2.5,2.85,3.4,2.45,2.98,3.46,2.5,2.88,3.3,2.5,2.88,3.4,2.45,2.9067,3.36,2.4667,3.45,3.48,2.23
"SP1","21/04/2019","Getafe","Sevilla",3,0,"H",3.1,3.4,2.3,3.1,3.3,2.35,3.15,3.25,2.35,3.17,3.39,2.41,3.1,3.3,2.35,3.13,3.3,2.38,3.125,3.3233,2.3567,3.09,3.27,2.53
"SP1","21/04/2019","Levante","Espanol",2,2,"D",2.3,3.5,3,2.2,3.6,3.1,2.3,3.6,2.95,2.33,3.77,3.03,2.3,3.6,3,2.3,3.7,2.9,2.2883,3.6283,2.9967,2.37,3.47,3.17
"SP1","21/04/2019","Real Madrid","Ath Bilbao",3,0,"H",1.45,4.33,7,1.45,4.4,7.5,1.55,4.2,5.8,1.51,4.38,7.22,1.44,4.6,7,1.5,4.6,6,1.4833,4.4183,6.7533,1.55,4.41,6.28
"SP1","21/04/2019","Villarreal","Leganes",2,1,"H",1.72,3.5,5,1.72,3.75,5,1.75,3.7,4.8,1.79,3.81,4.81,1.83,3.7,4.33,1.75,3.7,4.75,1.76,3.6933,4.7817,1.89,3.39,4.91
"SP1","23/04/2019","Alaves","Barcelona",0,2,"A",7,5.25,1.4,7,5,1.42,6.2,5,1.45,7.5,5.06,1.43,7.5,5,1.4,7,5.2,1.44,7.0333,5.085,1.4233,7.9,4.61,1.45
"SP1","23/04/2019","Huesca","Eibar",2,0,"H",2.25,3.5,3,2.35,3.4,3,2.3,3.55,2.95,2.33,3.69,3.08,2.3,3.5,3,2.38,3.6,3,2.3183,3.54,3.005,2.18,3.76,3.33
"SP1","23/04/2019","Valladolid","Girona",1,0,"H",2.3,3.3,3.25,2.3,3.25,3.2,2.3,3.2,3.25,2.4,3.29,3.29,2.35,3.2,3.2,2.38,3.3,3.25,2.3383,3.2567,3.24,2.47,3.27,3.19
"SP1","24/04/2019","Ath Madrid","Valencia",3,2,"H",1.8,3.4,5,1.85,3.4,4.6,1.85,3.4,4.55,1.85,3.57,4.87,1.85,3.4,4.6,1.87,3.5,4.75,1.845,3.445,4.7283,1.86,3.45,4.97
"SP1","24/04/2019","Espanol","Celta",1,1,"D",2.3,3.2,3.3,2.2,3.4,3.3,2.25,3.5,3.1,2.31,3.47,3.3,2.25,3.4,3.2,2.3,3.4,3.2,2.2683,3.395,3.2333,2.13,3.59,3.61
"SP1","24/04/2019","Leganes","Ath Bilbao",0,1,"A",2.6,3,3,2.65,3,2.95,2.65,2.95,2.95,2.77,3.07,2.96,2.7,3,2.88,2.7,3.1,2.9,2.6783,3.02,2.94,2.97,2.92,2.89
"SP1","24/04/2019","Levante","Betis",4,0,"H",2.5,3.3,2.9,2.55,3.5,2.7,2.45,3.65,2.7,2.54,3.65,2.8,2.55,3.5,2.7,2.5,3.6,2.8,2.515,3.5333,2.7667,2.44,3.75,2.87
"SP1","25/04/2019","Getafe","Real Madrid",0,0,"D",4,3.6,1.9,4.1,3.7,1.85,4.05,3.7,1.87,4.12,3.82,1.91,4,3.7,1.88,4,3.75,1.87,4.045,3.7117,1.88,3.76,3.64,2.06
"SP1","25/04/2019","Sevilla","Vallecano",5,0,"H",1.33,5.25,9,1.34,5.5,8,1.33,5.6,8.1,1.33,5.77,9.06,1.33,5.5,8.5,1.3,5.75,9.5,1.3267,5.5617,8.6933,1.24,7.22,11.48
"SP1","25/04/2019","Sociedad","Villarreal",0,1,"A",2.5,3.3,2.9,2.4,3.5,2.9,2.45,3.45,2.85,2.5,3.51,2.94,2.45,3.4,2.88,2.45,3.5,2.8,2.4583,3.4433,2.8783,2.85,3.42,2.62
"SP1","27/04/2019","Ath Bilbao","Alaves",1,1,"D",1.45,4.2,7.5,1.5,4,6.5,1.53,4.05,6.9,1.52,4.46,6.82,1.47,4.2,7.5,1.53,4.2,7,1.5,4.185,7.0367,1.5,4.22,7.8
"SP1","27/04/2019","Ath Madrid","Valladolid",1,0,"H",1.33,4.5,11,1.35,4.5,9.25,1.36,4.65,10,1.34,4.94,11.89,1.36,4.5,11,1.36,4.8,11,1.35,4.6483,10.69,1.35,4.63,12.87
"SP1","27/04/2019","Barcelona","Levante",1,0,"H",1.2,6.5,11,1.22,6.25,10.5,1.27,6.2,9.8,1.28,6.33,10.46,1.25,6.5,10,1.25,6.5,11.5,1.245,6.38,10.5433,1.18,7.55,17.24
"SP1","27/04/2019","Leganes","Celta",0,0,"D",2.37,3.25,3,2.35,3.2,3,2.45,3.1,3.1,2.53,3.25,3.1,2.45,3.2,3,2.5,3.25,3.1,2.4417,3.2083,3.05,2.46,3.13,3.35
"SP1","28/04/2019","Girona","Sevilla",1,0,"H",4.75,3.4,1.75,4.1,3.5,1.85,4.1,3.7,1.85,4.41,3.76,1.87,4.2,3.75,1.83,4.2,3.7,1.85,4.2933,3.635,1.8333,3.93,3.73,1.99
"SP1","28/04/2019","Sociedad","Getafe",2,1,"H",2.6,3.2,2.75,2.55,2.95,2.95,2.6,3.1,2.9,2.62,3.29,2.89,2.45,3.2,3,2.6,3.13,2.9,2.57,3.145,2.8983,2.99,2.86,2.94
"SP1","28/04/2019","Valencia","Eibar",0,1,"A",1.45,4.5,6.5,1.44,4.5,6.5,1.46,4.75,6.5,1.47,5.11,6.51,1.42,5,7,1.45,4.8,6.5,1.4483,4.7767,6.585,1.49,4.48,7.25
"SP1","28/04/2019","Vallecano","Real Madrid",1,0,"H",7.5,4.5,1.4,6.25,4.75,1.42,6.4,4.95,1.45,6.69,5.23,1.45,6.5,4.8,1.44,6.5,5,1.44,6.64,4.8717,1.4333,6.21,4.88,1.5
"SP1","28/04/2019","Villarreal","Huesca",1,1,"D",1.55,4,6.5,1.55,4,5.75,1.57,4.4,5.4,1.59,4.54,5.57,1.55,4.4,5.5,1.57,4.4,5.4,1.5633,4.29,5.6867,1.72,4.01,5.04
"SP1","29/04/2019","Betis","Espanol",1,1,"D",2.3,3.3,3.1,2.3,3.3,3,2.3,3.45,3.05,2.24,3.65,3.27,2.25,3.5,3.1,2.25,3.5,3.13,2.2733,3.45,3.1083,1.85,3.86,4.4
"SP1","03/05/2019","Sevilla","Leganes",0,3,"A",1.36,5,8.5,1.36,5,8.75,1.4,4.75,7.9,1.39,5.17,8.22,1.4,4.75,8,1.4,5,8.5,1.385,4.945,8.3117,1.41,4.87,8.41
"SP1","04/05/2019","Alaves","Sociedad",0,1,"A",2.5,3.25,2.9,2.6,3.1,2.9,2.55,3.2,2.9,2.64,3.3,2.92,2.6,3.2,2.8,2.63,3.25,2.9,2.5867,3.2167,2.8867,2.81,3.23,2.78
"SP1","04/05/2019","Celta","Barcelona",2,0,"H",2.15,3.6,3.25,2.1,3.6,3.4,2.15,3.6,3.3,2.15,3.77,3.38,2.15,3.6,3.3,2.15,3.7,3.4,2.1417,3.645,3.3383,1.73,4.31,4.58
"SP1","04/05/2019","Espanol","Ath Madrid",3,0,"H",3.8,3.3,2.05,3.7,3.3,2.1,3.7,3.25,2.1,3.94,3.32,2.12,3.75,3.25,2.1,3.7,3.4,2.15,3.765,3.3033,2.1033,4.17,3.54,1.98
"SP1","04/05/2019","Levante","Vallecano",4,1,"H",1.95,3.8,3.6,1.95,4,3.5,1.97,3.9,3.5,1.98,4.17,3.56,1.95,4,3.5,1.95,4,3.7,1.9583,3.9783,3.56,1.83,4.23,4.09
"SP1","05/05/2019","Eibar","Betis",1,0,"H",2.05,3.6,3.5,2.05,3.6,3.5,2,3.6,3.6,2.04,3.78,3.69,2.05,3.6,3.5,2.05,3.6,3.8,2.04,3.63,3.5983,1.95,4,3.77
"SP1","05/05/2019","Getafe","Girona",2,0,"H",1.8,3.6,4.75,1.78,3.5,5,1.8,3.4,4.85,1.85,3.39,5.19,1.75,3.5,5.25,1.83,3.5,5,1.8017,3.4817,5.0067,1.94,3.31,4.74
"SP1","05/05/2019","Huesca","Valencia",2,6,"A",3.5,3.4,2.1,3.4,3.6,2.1,3.4,3.55,2.1,3.37,3.68,2.18,3.25,3.6,2.15,3.4,3.6,2.1,3.3867,3.5717,2.1217,3.99,3.96,1.91
"SP1","05/05/2019","Real Madrid","Villarreal",3,2,"H",1.7,4,4.75,1.67,4,5,1.7,4.05,4.7,1.7,4.1,5.07,1.65,4.2,4.8,1.7,4.3,4.8,1.6867,4.1083,4.8533,1.89,3.75,4.33
"SP1","05/05/2019","Valladolid","Ath Bilbao",1,0,"H",2.9,3.1,2.6,2.8,3.1,2.7,2.85,3,2.65,2.89,3.18,2.75,2.8,3.1,2.7,2.8,3.1,2.7,2.84,3.0967,2.6833,2.97,3.24,2.64
"SP1","12/05/2019","Ath Bilbao","Celta",3,1,"H",2,3.5,3.8,2.05,3.4,3.75,2,3.4,3.85,2.02,3.58,3.96,2,3.5,3.9,1.95,3.5,3.9,2.0033,3.48,3.86,2.05,3.43,4.05
"SP1","12/05/2019","Ath Madrid","Sevilla",1,1,"D",2.1,3.6,3.4,2.15,3.6,3.3,2.1,3.5,3.5,2.1,3.68,3.6,2.15,3.5,3.3,2.1,3.6,3.4,2.1167,3.58,3.4167,1.97,3.7,4.01
"SP1","12/05/2019","Barcelona","Getafe",2,0,"H",1.53,4.33,6,1.5,4.5,6.25,1.53,4.35,5.8,1.56,4.48,6.04,1.53,4.33,6,1.53,4.4,5.75,1.53,4.3983,5.9733,1.48,4.47,7.66
"SP1","12/05/2019","Betis","Huesca",2,1,"H",1.55,4.33,5.75,1.57,4.33,5.5,1.57,4.5,5.2,1.58,4.93,5.14,1.53,4.75,5.25,1.55,4.5,5.4,1.5583,4.5567,5.3733,1.51,4.87,6.1
"SP1","12/05/2019","Girona","Levante",1,2,"A",2.15,3.6,3.2,2.25,3.4,3.2,2.2,3.65,3.1,2.27,3.58,3.28,2.2,3.5,3.2,2.2,3.6,3.1,2.2117,3.555,3.18,2.15,3.63,3.5
"SP1","12/05/2019","Leganes","Espanol",0,2,"A",2.4,3.5,2.87,2.45,3.25,2.95,2.45,3.3,2.9,2.58,3.32,2.98,2.5,3.4,2.8,2.4,3.5,2.9,2.4633,3.3783,2.9,2.39,3.31,3.29
"SP1","12/05/2019","Sociedad","Real Madrid",3,1,"H",3,3.6,2.3,2.9,3.75,2.3,2.95,3.7,2.25,3.09,3.86,2.26,3,3.7,2.25,3,3.75,2.25,2.99,3.7267,2.2683,2.72,3.95,2.48
"SP1","12/05/2019","Valencia","Alaves",3,1,"H",1.4,5,7.5,1.4,5.25,7,1.4,5.1,7.5,1.41,5.48,7.14,1.38,5.25,7.5,1.36,5.2,8,1.3917,5.2133,7.44,1.29,5.64,12.31
"SP1","12/05/2019","Vallecano","Valladolid",1,2,"A",4.2,3.8,1.8,4.2,3.9,1.8,4.05,3.8,1.85,4.09,4.09,1.85,4,4,1.8,4.1,3.8,1.83,4.1067,3.8983,1.8217,4.45,3.99,1.81
"SP1","12/05/2019","Villarreal","Eibar",1,0,"H",1.6,4.33,5,1.6,4.4,5,1.6,4.25,5.1,1.61,4.7,5.08,1.62,4.4,4.8,1.62,4.33,5,1.6083,4.4017,4.9967,1.57,4.5,5.88
"SP1","18/05/2019","Alaves","Girona",2,1,"H",2.25,3.5,3.1,2.3,3.5,3,2.3,3.5,3,2.38,3.66,3.01,2.3,3.5,3,2.38,3.6,3,2.3183,3.5433,3.0183,2.21,3.5,3.47
"SP1","18/05/2019","Celta","Vallecano",2,2,"D",1.45,4.75,7,1.45,4.75,6.5,1.48,4.75,6,1.49,4.87,6.45,1.47,4.75,6.5,1.5,4.8,6.5,1.4733,4.7783,6.4917,1.32,5.94,9.12
"SP1","18/05/2019","Espanol","Sociedad",2,0,"H",2.3,3.6,3,2.25,3.7,3,2.25,3.55,3,2.29,3.74,3.12,2.3,3.6,3,2.3,3.6,3.13,2.2817,3.6317,3.0417,2.03,3.91,3.61
"SP1","18/05/2019","Getafe","Villarreal",2,2,"D",1.61,4.2,5.25,1.62,4.1,5.25,1.63,4.05,5.1,1.66,4.18,5.34,1.63,4,5.25,1.67,4.2,5.2,1.6367,4.1217,5.2317,1.58,4.43,5.81
"SP1","18/05/2019","Huesca","Leganes",2,1,"H",2.5,3.75,2.62,2.5,3.7,2.65,2.5,3.55,2.7,2.59,3.72,2.71,2.5,3.6,2.7,2.55,3.75,2.7,2.5233,3.6783,2.68,2.58,3.52,2.83
"SP1","18/05/2019","Levante","Ath Madrid",2,2,"D",3.75,3.75,1.95,3.5,3.75,2,3.55,3.8,1.97,3.67,3.87,2.02,3.6,3.8,1.95,3.6,3.8,2.05,3.6117,3.795,1.99,4.34,4.1,1.81
"SP1","18/05/2019","Sevilla","Ath Bilbao",2,0,"H",1.85,3.4,4.33,1.87,3.4,4.6,1.87,3.4,4.6,1.9,3.42,4.81,1.85,3.3,4.6,1.93,3.5,4.2,1.8783,3.4033,4.5233,2.17,3.08,4.15
"SP1","18/05/2019","Valladolid","Valencia",0,2,"A",8,5.25,1.36,8,4.75,1.4,7.5,4.85,1.4,8.05,4.91,1.42,8.5,4.8,1.38,8,5.2,1.4,8.0083,4.96,1.3933,8.01,5.13,1.4
"SP1","19/05/2019","Eibar","Barcelona",2,2,"D",3.6,4,1.9,3.7,4.1,1.87,3.75,4,1.87,3.83,4.2,1.89,3.7,4,1.88,3.7,4.1,1.87,3.7133,4.0667,1.88,4.96,4.55,1.65
"SP1","19/05/2019","Real Madrid","Betis",0,2,"A",1.57,4.75,4.75,1.57,4.75,5,1.6,4.55,4.95,1.59,5.09,4.86,1.57,4.8,4.8,1.57,4.8,5.25,1.5783,4.79,4.935,1.33,6.38,8.09
